frame,left_shoulder_x,left_shoulder_y,right_shoulder_x,right_shoulder_y,left_hip_x,left_hip_y,right_hip_x,right_hip_y
1,432,279,420,278,429,326,421,327
2,437,280,419,278,432,328,421,328
3,438,281,419,276,432,328,421,327
4,440,282,419,277,435,329,422,328
5,441,282,420,278,435,328,422,327
6,442,283,420,278,435,328,422,327
7,444,282,420,277,438,328,423,327
8,445,282,420,277,438,329,423,327
9,445,284,420,279,439,328,423,327
10,444,283,419,279,438,328,422,327
11,444,282,418,278,439,328,422,327
12,444,283,418,279,439,328,422,327
13,444,283,417,279,439,327,422,326
14,444,283,417,279,438,326,421,325
15,443,282,416,279,438,326,421,326
16,443,283,415,280,437,327,420,326
17,443,283,415,280,437,327,420,326
18,442,282,414,280,436,327,419,326
19,441,282,414,280,435,326,419,326
20,440,282,414,281,434,326,418,325
21,439,282,413,282,434,326,418,326
22,439,283,412,283,434,326,417,326
23,439,283,412,283,434,327,417,327
24,439,283,412,283,434,326,418,327
25,439,283,412,283,434,327,417,327
26,438,283,412,283,433,328,417,328
27,439,282,411,283,434,327,418,328
28,439,281,412,282,434,327,418,328
29,438,281,412,281,434,327,418,327
30,438,280,412,281,434,327,418,328
31,439,280,412,281,434,327,418,328
32,438,280,411,281,434,328,418,329
33,438,281,411,282,433,328,417,329
34,437,281,411,283,433,329,417,330
35,438,281,410,283,434,329,417,330
36,437,281,410,283,434,328,417,330
37,437,281,410,283,434,328,417,329
38,438,281,410,283,434,328,417,329
39,438,281,410,283,434,327,417,328
40,438,281,410,283,434,327,417,328
41,438,280,410,283,435,327,417,328
42,438,281,411,282,434,326,417,327
43,439,281,412,282,435,327,418,328
44,439,281,412,282,435,327,418,328
45,439,281,411,282,435,327,418,327
46,439,280,412,282,435,327,418,328
47,438,281,410,283,434,328,417,329
48,439,280,412,282,435,327,418,328
49,438,281,410,283,435,328,417,329
50,438,281,410,283,435,328,417,329
51,438,281,410,283,434,328,417,329
52,438,281,410,283,434,328,417,329
53,438,281,410,283,434,328,417,329
54,438,281,410,283,434,328,417,329
55,438,281,410,283,434,328,417,329
56,438,281,411,283,435,328,417,329
57,438,281,411,283,435,328,417,329
58,439,281,411,283,435,329,418,330
59,439,281,411,283,435,328,418,329
60,439,281,413,282,436,329,419,329
61,440,281,412,282,436,329,418,330
62,440,281,413,282,436,329,419,329
63,441,281,415,282,437,330,420,330
64,442,281,416,281,437,330,420,329
65,443,281,419,281,438,330,422,330
66,442,281,421,281,437,329,424,329
67,443,280,422,281,437,329,424,329
68,442,280,424,280,436,329,425,329
69,443,278,425,278,436,329,425,329
70,443,278,427,278,436,330,426,329
71,442,278,428,279,436,329,428,328
72,441,279,428,279,437,328,429,327
73,441,279,430,279,436,328,430,327
74,440,279,431,279,436,328,432,327
75,438,279,433,279,436,327,433,327
76,439,280,432,280,436,328,433,327
77,438,280,433,279,435,328,433,327
78,439,280,432,279,436,328,432,328
79,439,280,432,279,436,328,432,327
80,438,280,433,279,435,328,433,327
81,438,280,434,279,435,328,433,327
82,438,279,434,278,435,327,434,326
83,437,279,435,278,435,327,435,326
84,437,280,436,279,435,327,435,326
85,437,279,435,278,436,327,435,327
86,437,279,434,279,436,328,434,327
87,437,280,435,278,435,327,435,326
88,438,280,433,279,436,327,433,326
89,439,280,432,279,436,328,433,327
90,439,279,432,279,436,328,432,327
91,439,279,432,278,436,328,432,327
92,439,280,433,279,436,328,433,328
93,439,279,433,279,435,328,432,327
94,439,279,432,279,435,327,432,326
95,439,280,433,279,435,329,432,328
96,438,280,433,279,435,329,434,328
97,436,280,434,279,433,330,433,329
98,436,280,434,279,433,332,433,330
99,435,280,435,279,432,330,433,329
100,433,278,439,277,431,327,436,326
101,431,278,441,277,432,325,439,324
102,425,280,443,279,429,324,442,324
103,425,281,443,279,429,325,442,324
104,422,282,444,280,426,326,442,325
105,418,283,443,281,424,326,441,326
106,416,283,443,281,423,328,441,327
107,415,283,442,282,423,327,441,326
108,414,284,443,283,421,328,440,328
109,413,284,441,282,421,327,438,326
110,413,283,442,282,421,327,439,326
111,413,283,441,282,420,327,438,326
112,413,282,441,282,420,326,437,326
113,412,282,441,282,419,327,437,327
114,412,282,441,282,419,328,436,328
115,413,282,441,282,419,328,437,328
116,413,281,441,282,419,327,437,327
117,414,281,441,281,420,326,437,327
118,414,281,442,281,421,327,438,327
119,414,281,441,281,421,327,438,327
120,413,281,442,281,419,327,438,327
121,414,281,443,280,422,327,440,327
122,414,281,443,280,422,327,441,327
123,414,281,444,281,420,327,440,326
124,414,281,443,281,420,327,439,327
125,414,282,443,281,420,327,439,327
126,415,282,443,281,421,327,440,327
127,416,282,443,282,421,328,439,328
128,416,282,444,282,421,327,440,327
129,417,282,445,282,422,327,440,327
130,417,283,444,283,422,327,439,327
131,417,283,444,283,422,327,439,327
132,418,283,444,282,423,327,439,327
133,418,283,444,282,424,328,440,327
134,418,283,443,282,424,328,439,327
135,419,283,443,282,425,328,440,328
136,419,282,442,282,425,328,439,328
137,419,282,441,282,424,328,437,328
138,421,282,439,282,425,328,436,328
139,421,281,438,281,425,326,436,326
140,423,280,437,280,425,326,435,326
141,424,280,437,280,426,326,434,326
142,425,280,435,281,428,326,434,327
143,429,280,432,282,431,326,433,327
144,432,279,430,280,433,324,432,325
145,436,279,428,279,436,323,431,324
146,438,278,428,279,438,323,432,324
147,437,279,427,279,438,323,432,324
148,438,279,427,280,440,323,433,324
149,438,279,427,280,439,323,433,324
150,439,278,427,279,439,322,432,323
151,438,278,427,279,438,321,432,322
152,439,279,427,280,439,323,433,324
153,439,279,427,279,439,323,432,323
154,440,280,427,279,439,324,431,324
155,441,279,427,279,439,323,431,324
156,441,279,427,279,440,323,431,323
157,442,280,426,280,441,324,431,324
158,444,280,426,280,441,323,430,324
159,443,281,426,281,441,324,431,324
160,444,281,426,280,441,324,430,324
161,445,281,426,280,442,324,430,324
162,445,281,425,280,442,325,429,325
163,446,282,425,281,442,326,429,325
164,447,282,425,281,443,325,429,325
165,448,282,425,282,444,325,430,326
166,448,283,424,282,443,327,429,327
167,448,283,424,282,442,327,428,327
168,448,283,424,282,442,327,427,327
169,449,283,424,282,441,327,427,327
170,449,283,424,282,441,327,426,327
171,449,283,424,283,441,327,427,327
172,450,283,424,283,442,328,427,327
173,450,284,424,284,442,328,427,328
174,450,284,424,284,442,329,427,329
175,449,284,424,284,442,329,427,329
176,449,284,423,284,442,330,427,330
177,449,285,422,285,443,331,427,331
178,448,284,422,285,443,330,427,330
179,448,284,421,286,443,330,426,330
180,448,285,421,286,442,331,426,331
181,447,285,420,286,442,331,426,331
182,447,285,419,286,442,331,425,332
183,447,284,418,285,442,330,425,331
184,446,284,418,286,442,331,425,332
185,446,284,417,285,442,331,424,331
186,445,284,416,285,441,330,424,331
187,444,284,415,285,441,330,423,331
188,444,284,415,285,441,330,423,330
189,444,284,414,285,441,330,423,331
190,444,283,414,284,441,331,423,332
191,444,283,414,284,441,331,423,332
192,443,283,414,284,440,332,422,333
193,443,283,414,285,441,333,422,334
194,443,283,414,285,441,334,423,335
195,443,284,414,286,441,335,423,336
196,444,285,413,286,441,338,422,338
197,444,286,413,287,441,339,423,339
198,445,286,413,288,442,340,423,340
199,445,287,414,288,442,340,423,341
200,445,286,414,288,442,340,423,341
201,446,286,414,287,442,339,423,340
202,446,283,415,284,443,337,424,338
203,446,282,415,283,443,337,424,337
204,447,281,415,282,443,336,423,337
205,447,280,415,282,443,335,423,336
206,448,280,415,281,443,335,423,335
207,448,279,415,281,443,335,423,335
208,448,279,415,280,443,334,423,335
209,448,280,414,280,442,336,421,336
210,448,279,414,280,442,336,421,336
211,448,279,414,279,442,336,421,336
212,448,279,415,279,442,337,422,337
213,448,279,415,279,442,337,421,337
214,448,279,415,279,441,338,421,337
215,448,279,414,279,441,338,420,338
216,449,279,415,279,441,337,421,337
217,449,278,415,278,442,337,421,337
218,449,279,415,279,441,338,421,338
219,449,279,415,279,441,338,421,338
220,449,279,415,279,441,338,421,338
221,448,278,413,279,441,338,420,338
222,448,278,413,279,442,338,420,338
223,448,277,415,278,442,337,421,338
224,448,277,415,278,442,337,422,338
225,448,277,415,278,442,337,422,338
226,448,277,415,278,442,337,422,338
227,448,278,415,279,442,338,422,338
228,448,278,415,279,442,338,421,338
229,449,278,415,279,442,338,421,338
230,449,278,415,279,443,337,422,338
231,448,278,415,279,442,338,422,338
232,449,278,415,279,443,338,422,338
233,448,277,415,279,442,337,422,338
234,448,278,415,279,442,338,421,338
235,448,278,414,279,442,338,421,338
236,448,278,415,279,442,338,421,338
237,448,279,415,280,442,338,422,338
238,447,279,414,280,442,339,421,339
239,447,279,414,280,441,339,421,339
240,447,279,415,279,441,339,421,339
241,447,280,412,280,440,340,418,340
242,447,279,414,280,439,339,419,339
243,445,279,413,280,438,339,418,338
244,445,279,414,280,437,339,418,339
245,444,279,414,280,437,339,418,339
246,443,280,415,281,436,339,418,339
247,442,278,417,279,434,339,418,338
248,439,277,419,278,432,338,420,338
249,439,277,418,279,432,336,420,336
250,438,279,417,279,430,338,417,337
251,436,279,417,279,428,339,416,338
252,435,279,417,278,427,338,416,337
253,434,279,417,279,427,338,417,337
254,433,278,418,277,426,338,417,336
255,433,278,417,277,426,337,417,335
256,432,278,417,277,425,337,416,335
257,431,277,417,276,425,338,417,337
258,431,277,418,277,425,338,417,337
259,429,278,419,277,424,339,419,338
260,427,279,419,278,424,340,420,338
261,427,278,421,277,424,338,421,337
262,424,278,423,276,423,338,422,337
263,425,277,420,276,423,337,421,336
264,425,277,421,276,424,337,422,336
265,425,277,421,276,423,337,422,335
266,426,276,419,275,424,336,420,335
267,426,276,420,275,423,337,420,335
268,426,277,420,276,424,337,421,335
269,426,278,421,276,424,337,421,336
270,426,279,421,277,424,338,421,337
271,427,279,421,277,424,338,421,337
272,427,279,422,277,424,338,422,336
273,427,279,422,277,424,338,421,336
274,428,279,422,277,424,338,422,337
275,427,279,423,277,424,339,422,337
276,426,279,425,277,424,339,424,337
277,425,279,427,277,424,339,426,338
278,425,279,428,277,425,339,428,337
279,424,279,431,277,425,340,430,338
280,425,279,429,276,427,338,431,336
281,421,279,436,276,425,338,435,337
282,419,279,438,276,425,338,437,336
283,418,279,439,276,424,337,437,335
284,418,280,441,277,422,338,437,336
285,419,281,443,279,424,339,439,339
286,418,281,445,279,424,340,440,339
287,418,280,447,279,424,339,442,338
288,419,280,449,278,426,339,445,338
289,415,280,449,277,425,339,447,339
290,416,280,452,278,425,338,448,337
291,417,280,452,279,424,338,447,338
292,417,280,452,279,424,337,447,337
293,417,280,453,279,424,337,447,337
294,419,279,453,278,426,337,448,336
295,420,279,454,278,427,338,449,337
296,420,279,454,278,427,337,449,337
297,420,279,454,278,427,337,449,336
298,419,279,454,278,426,338,449,337
299,419,279,454,278,426,337,449,336
300,418,279,454,278,425,338,449,337
301,418,279,453,277,426,336,449,335
302,418,279,453,278,425,337,448,336
303,417,279,453,278,424,337,448,336
304,416,278,453,278,423,337,447,337
305,416,277,452,277,422,336,446,336
306,416,278,451,277,423,337,446,336
307,415,278,451,277,423,337,447,336
308,416,279,451,277,423,337,446,336
309,415,278,450,278,422,336,445,336
310,415,279,450,278,421,337,444,337
311,414,278,449,278,419,337,443,337
312,411,279,448,279,418,337,443,337
313,410,278,447,279,417,337,441,337
314,409,279,445,279,417,339,441,339
315,409,279,443,279,416,339,439,339
316,409,279,442,280,415,339,437,340
317,408,280,442,280,415,339,438,339
318,409,279,440,279,416,339,437,339
319,410,278,440,279,417,338,437,339
320,412,277,440,278,417,338,436,339
321,413,277,439,278,418,338,436,338
322,413,276,438,278,418,337,435,338
323,414,276,438,277,419,337,435,337
324,415,275,436,277,419,336,433,337
325,417,275,436,277,420,337,434,337
326,416,274,435,275,420,338,433,339
327,417,274,434,276,421,338,433,339
328,421,274,432,275,425,338,433,339
329,423,274,431,276,427,338,433,339
330,423,273,432,276,427,337,433,339
331,423,274,432,276,429,336,434,338
332,423,275,432,277,429,336,435,338
333,425,274,431,277,431,336,435,338
334,427,273,431,277,432,335,435,338
335,429,273,430,276,433,335,434,337
336,431,274,429,278,434,336,434,338
337,431,275,430,278,434,336,434,339
338,430,276,430,279,434,337,434,339
339,434,276,428,279,437,337,433,339
340,431,276,429,280,435,337,434,339
341,436,277,427,279,439,336,433,338
342,438,276,426,278,439,336,432,338
343,439,276,426,278,440,336,432,337
344,440,277,425,279,441,337,432,338
345,442,277,425,278,442,336,431,337
346,443,277,425,278,442,336,431,337
347,445,277,424,278,443,336,430,337
348,444,277,424,278,443,336,430,337
349,445,278,423,279,444,336,430,337
350,446,278,423,279,445,337,430,338
351,446,279,423,280,444,337,430,338
352,446,280,423,280,444,337,429,339
353,447,280,422,281,444,338,429,339
354,447,281,422,281,443,339,428,339
355,448,280,422,280,444,338,428,338
356,448,280,421,280,443,338,427,338
357,447,281,420,281,442,338,426,339
358,447,280,419,280,442,338,425,339
359,447,280,418,281,442,338,424,339
360,447,279,417,280,441,338,424,339
361,446,279,416,280,441,338,423,339
362,446,278,415,280,439,337,420,338
363,446,279,414,280,438,337,419,337
364,446,280,413,280,438,338,419,338
365,445,280,412,281,438,338,418,338
366,444,279,410,280,438,337,417,338
367,444,279,409,280,438,337,417,337
368,443,279,408,280,437,337,416,338
369,442,280,409,281,438,338,417,339
370,441,279,408,281,438,338,417,339
371,441,279,408,281,437,338,416,339
372,441,279,407,281,437,339,416,339
373,441,279,407,281,437,339,415,339
374,441,280,407,281,437,339,415,340
375,441,280,407,281,437,338,415,339
376,441,279,408,281,437,338,416,338
377,441,279,408,281,437,338,416,338
378,441,279,408,281,437,338,416,338
379,441,279,408,280,436,338,416,338
380,440,280,408,281,436,338,415,339
381,440,280,408,281,436,338,415,339
382,440,279,408,281,436,338,415,338
383,440,279,408,281,436,338,415,338
384,440,279,408,280,436,338,415,338
385,440,279,408,281,436,339,415,339
386,440,279,408,281,436,338,415,339
387,440,279,407,281,436,339,415,339
388,440,279,407,281,436,339,415,339
389,440,279,407,281,435,339,414,339
390,440,279,406,281,435,339,414,339
391,439,280,406,281,435,339,414,339
392,439,280,405,281,435,340,413,340
393,438,280,405,282,434,340,413,340
394,438,281,405,282,434,340,413,340
395,438,281,403,283,434,341,411,342
396,438,281,403,283,434,340,412,341
397,438,281,402,283,434,340,411,341
398,438,281,402,283,434,341,412,342
399,438,281,404,283,434,340,412,341
400,438,281,402,283,434,342,412,343
401,438,282,403,283,435,341,413,342
402,439,282,404,283,435,342,413,343
403,439,282,404,284,436,343,413,344
404,440,283,404,284,436,344,413,345
405,440,283,404,284,437,346,414,346
406,441,284,404,285,437,346,414,346
407,441,284,405,285,437,346,414,346
408,442,283,405,284,437,346,414,346
409,443,283,406,283,438,346,415,346
410,444,282,405,282,439,346,415,346
411,445,281,406,281,440,346,416,346
412,446,281,405,283,441,348,416,349
413,446,279,405,282,441,348,416,349
414,447,279,406,281,442,348,416,349
414,129,469,267,461,174,462,270,460
415,447,278,407,279,442,347,417,348
416,448,277,407,279,442,347,417,348
417,448,277,407,278,441,346,416,347
418,448,278,407,279,442,347,416,347
419,448,278,407,279,442,347,416,348
420,448,278,407,280,442,349,416,350
421,448,278,407,280,442,350,416,351
422,448,278,406,280,442,351,416,352
423,447,278,405,281,442,351,415,352
424,447,278,405,281,442,352,415,353
425,446,279,403,283,441,353,414,354
426,446,280,403,282,440,353,412,355
427,444,280,400,282,439,354,411,355
428,443,279,399,281,438,355,410,356
429,442,278,398,280,438,355,409,356
430,441,277,396,280,437,355,409,357
431,441,277,395,280,437,355,408,357
432,441,277,395,280,438,356,408,357
433,441,276,393,279,438,357,408,359
434,441,276,392,280,438,357,407,359
435,440,275,391,279,437,359,406,360
436,441,274,391,278,437,359,406,361
437,441,275,391,279,437,360,405,361
438,441,275,391,279,437,361,405,363
439,441,276,390,279,437,362,405,363
440,441,277,390,281,437,364,405,366
441,442,279,391,283,437,367,404,369
442,442,280,392,283,437,368,404,369
443,443,280,392,283,437,369,405,370
444,444,280,394,284,438,371,406,372
445,445,281,395,283,439,373,407,374
446,446,280,395,283,439,375,407,376
446,124,471,264,471,160,464,258,466
447,447,279,395,282,441,373,408,375
447,124,471,261,474,155,464,252,467
448,448,278,396,281,442,374,409,374
448,125,471,261,472,157,463,253,466
449,449,277,396,280,444,374,410,375
450,451,275,396,279,445,372,410,373
451,452,274,396,278,445,374,409,375
451,134,467,256,470,171,458,258,463
452,454,274,397,276,445,376,409,376
453,454,274,397,276,444,378,408,378
454,455,273,397,275,445,378,408,378
454,122,470,264,470,157,462,257,464
455,455,272,397,274,445,377,408,377
455,126,469,263,470,162,460,259,462
456,456,272,396,274,445,378,407,378
457,455,271,396,273,445,378,407,377
458,455,270,395,273,445,377,407,378
459,455,269,395,273,445,378,407,378
459,127,469,258,469,165,463,258,465
460,454,269,394,273,445,378,407,379
460,123,471,260,472,158,465,255,468
461,453,270,393,274,446,379,408,380
461,128,470,258,471,165,463,257,467
462,453,269,391,274,445,381,406,382
462,131,470,259,471,166,461,257,464
463,452,269,390,273,444,380,405,382
464,451,269,388,274,443,381,404,383
465,449,270,387,274,441,381,402,383
466,448,269,385,274,440,381,400,383
467,447,269,384,274,439,382,399,384
468,446,269,383,273,438,382,398,384
469,446,268,383,273,438,382,399,384
470,446,268,382,273,438,382,398,384
471,445,268,382,273,438,382,398,384
472,445,269,382,273,438,383,398,384
473,444,270,381,273,438,383,398,385
474,444,269,381,273,438,384,398,385
475,444,269,380,273,439,383,398,385
476,444,269,380,271,439,382,399,384
477,445,269,381,272,440,383,400,384
478,445,268,381,271,440,381,400,383
479,445,268,381,272,440,382,400,385
480,447,268,382,273,441,383,400,385
481,447,268,383,273,441,382,401,384
482,447,267,383,273,441,382,401,384
482,125,474,268,467,171,462,270,461
483,447,268,383,274,441,383,401,385
483,125,474,266,468,168,464,267,463
484,447,268,383,273,441,383,400,385
485,447,269,383,273,440,383,400,386
486,447,269,382,274,440,383,399,386
487,447,269,382,274,439,384,399,386
487,129,476,273,463,180,460,279,455
488,447,269,382,273,439,383,398,385
488,131,476,274,461,183,459,281,453
489,446,269,382,273,439,382,398,384
489,128,474,271,464,178,459,277,456
490,446,269,382,273,439,383,399,385
490,128,476,272,463,179,460,278,456
491,446,269,382,273,438,383,398,385
491,126,475,270,465,175,460,276,457
492,445,269,382,273,437,383,397,385
492,125,476,271,466,173,462,274,459
493,446,269,382,273,437,383,397,385
493,124,476,270,466,172,462,274,460
494,445,269,381,273,436,383,396,385
495,445,268,381,273,437,383,396,385
495,122,476,269,468,166,464,268,462
496,444,268,381,272,435,383,395,384
496,123,476,269,467,167,465,269,462
497,444,269,380,273,435,384,395,386
497,126,477,271,466,172,463,273,459
498,443,269,380,273,434,385,394,387
499,442,270,380,273,434,386,394,387
499,128,478,275,464,176,465,276,459
500,442,269,381,271,432,385,393,385
500,128,477,272,464,175,464,274,460
501,441,268,382,269,430,386,393,386
501,140,478,276,458,189,466,280,457
502,441,268,384,268,428,386,392,385
502,143,478,277,458,190,467,279,457
503,440,266,386,267,428,386,394,385
503,138,478,280,462,176,469,271,461
504,440,266,389,266,427,387,395,386
504,145,478,278,458,186,469,275,459
505,439,266,393,265,426,387,397,384
505,143,478,282,459,182,468,274,459
506,438,267,396,266,427,388,399,385
506,147,477,281,456,192,464,281,454
507,437,268,399,266,426,391,401,388
507,146,478,280,458,187,466,276,457
508,437,266,402,264,428,388,404,385
508,145,478,281,459,185,466,276,457
509,436,265,407,262,432,388,411,385
509,147,478,280,458,190,465,278,455
510,435,264,411,262,432,387,415,385
510,147,478,279,457,190,467,278,457
511,432,264,415,262,427,390,414,387
511,147,477,279,456,189,468,276,457
512,430,264,421,261,426,388,418,385
513,430,264,426,259,425,386,421,383
513,149,477,278,455,195,466,281,455
514,429,264,429,258,423,388,421,384
514,146,477,279,457,190,468,279,458
515,428,264,432,258,423,386,424,383
515,148,477,280,456,195,466,282,456
516,428,265,434,259,423,386,426,382
517,428,265,435,259,422,387,426,384
517,148,476,279,454,195,466,282,455
518,428,264,438,259,423,386,429,383
518,150,476,279,453,201,466,286,454
519,428,264,439,259,423,386,430,383
519,148,475,278,453,199,464,286,453
520,428,263,437,259,424,383,429,380
520,148,475,277,453,198,464,285,453
521,428,263,438,259,424,382,430,380
521,149,475,278,452,200,463,286,452
522,428,263,440,258,424,380,431,377
523,429,264,439,259,424,383,430,380
523,145,475,278,455,193,463,282,453
524,429,265,438,259,424,382,429,378
524,146,476,279,455,195,463,283,453
525,429,264,438,259,425,380,430,377
525,142,476,278,457,188,465,279,455
526,429,265,438,259,424,379,430,376
527,428,265,439,260,424,383,430,380
528,429,265,438,259,424,383,429,380
528,149,476,278,455,198,464,284,454
529,428,265,438,259,424,381,429,378
529,149,477,279,455,197,466,283,456
530,429,266,435,259,424,383,427,380
530,147,477,279,455,195,465,283,454
531,429,264,434,259,424,381,426,378
531,147,476,278,453,196,463,284,453
532,428,263,434,259,424,378,428,375
532,145,476,279,454,192,464,282,454
533,427,264,432,260,424,380,427,377
533,144,477,278,457,190,464,280,455
534,427,265,431,262,422,380,427,378
534,145,477,281,457,188,467,279,457
535,424,266,435,263,420,378,430,376
535,146,476,280,456,194,464,284,454
536,420,266,444,262,419,378,437,375
536,146,475,279,453,198,462,288,451
537,414,267,450,262,417,378,441,375
538,411,268,450,263,417,381,444,377
539,410,270,451,262,418,379,447,375
540,403,271,449,264,418,380,449,377
541,401,271,453,264,416,382,449,378
541,141,476,280,457,191,467,286,457
542,397,270,452,265,414,382,448,379
542,145,477,282,456,192,468,285,457
543,393,269,452,265,410,379,447,377
543,144,476,283,455,194,471,287,461
544,387,271,451,265,406,376,446,373
544,143,477,284,457,192,471,288,461
545,383,271,451,267,401,379,444,377
545,139,478,283,459,189,472,286,463
546,381,270,449,267,401,379,444,377
546,139,477,285,460,183,475,281,467
547,380,269,448,267,400,377,443,376
547,138,478,284,460,185,476,283,468
548,379,267,447,265,400,376,441,375
548,141,478,285,459,189,473,286,465
549,380,266,446,265,399,374,440,374
549,141,478,285,459,189,474,286,466
550,379,267,447,266,398,377,440,376
550,135,478,282,462,179,474,279,467
551,380,267,447,267,398,378,439,378
551,134,478,280,461,179,475,277,467
552,380,268,447,267,396,379,437,379
552,131,478,281,463,172,477,273,470
553,382,267,448,266,397,377,437,376
553,135,478,284,462,176,476,276,468
554,382,266,448,266,397,376,438,375
554,135,478,284,462,178,477,278,469
555,384,267,450,266,396,377,437,376
555,135,478,282,462,182,474,282,467
556,383,267,450,266,396,378,438,377
556,131,478,282,462,178,474,281,468
557,385,266,451,267,397,379,438,379
557,130,477,278,462,176,473,278,467
558,386,264,451,264,398,379,439,379
558,128,478,277,464,173,474,276,468
559,386,265,452,265,398,379,440,379
559,129,476,276,463,177,474,278,468
560,386,266,452,266,398,379,441,379
560,130,476,276,462,177,473,278,467
561,385,266,451,266,398,379,440,379
561,130,476,276,463,175,473,275,467
562,385,266,451,266,397,380,439,380
562,131,476,277,462,176,473,276,467
563,384,265,450,266,395,378,438,379
563,130,476,277,462,173,474,274,469
564,382,265,448,265,394,379,436,379
564,132,477,279,463,173,475,274,469
565,381,265,448,264,395,379,437,380
565,134,476,281,460,178,475,278,468
566,379,268,447,266,394,382,437,381
566,133,476,279,461,177,475,276,469
567,379,268,445,266,396,383,437,382
567,131,475,277,461,178,473,278,467
568,378,265,445,264,396,380,438,380
568,131,473,274,460,183,466,281,461
569,381,266,445,266,397,381,437,381
569,132,474,276,460,181,469,280,463
570,379,264,445,263,399,381,440,381
570,128,474,274,462,174,470,274,465
571,385,265,445,266,400,379,438,380
571,127,474,273,464,173,469,274,465
572,384,266,448,266,400,381,441,382
572,130,473,272,462,175,470,273,465
573,385,267,449,267,400,382,442,382
573,127,472,268,464,170,472,268,469
574,387,268,452,267,402,386,444,386
574,130,472,269,463,174,469,271,466
575,389,266,454,267,403,384,445,385
575,130,472,271,462,173,468,271,464
576,393,265,453,265,404,380,444,381
576,123,472,266,466,159,472,259,470
577,396,264,454,266,406,379,444,381
577,121,473,265,468,155,474,256,473
578,399,264,454,266,407,378,443,380
578,125,469,261,466,160,473,256,473
579,401,262,451,266,408,376,441,378
580,404,261,450,265,411,378,440,380
581,407,257,447,263,415,377,440,380
582,410,255,445,262,420,377,439,382
583,411,255,443,263,419,377,436,382
583,144,460,243,470,170,467,241,475
584,416,253,438,260,422,375,433,380
585,418,255,437,261,423,377,433,382
586,423,253,435,261,428,376,433,382
587,425,254,434,262,432,377,436,383
588,427,257,433,263,435,379,438,384
589,431,257,431,263,439,379,438,384
590,435,258,429,263,445,377,441,381
590,138,462,247,469,165,466,243,473
591,437,258,428,262,447,379,440,384
591,132,463,249,470,161,464,245,470
592,435,258,426,262,446,376,440,381
592,129,465,254,469,161,464,249,469
593,433,259,426,264,445,379,440,384
593,130,466,251,472,159,467,245,473
594,434,260,425,267,446,378,441,383
594,135,464,250,472,168,464,250,470
595,433,261,424,266,445,377,440,382
596,433,262,424,267,447,382,442,387
597,434,263,423,268,447,382,440,386
598,434,263,423,269,447,382,439,387
599,436,263,421,268,448,381,438,386
600,438,263,419,269,449,378,436,383
601,436,264,419,269,447,379,436,383
602,437,264,416,269,448,377,435,382
603,441,266,413,270,451,380,433,384
604,443,267,411,271,454,383,432,387
605,445,267,409,270,453,381,429,385
606,445,270,408,273,452,384,428,388
607,446,271,407,272,451,388,425,392
608,449,272,404,273,453,390,424,393
609,452,272,400,273,453,390,419,392
610,454,271,398,272,451,387,415,389
611,455,271,396,273,450,385,412,388
612,456,271,394,273,450,384,410,386
613,455,271,392,274,449,386,408,388
614,455,271,391,273,447,385,406,386
615,454,271,389,273,445,387,405,387
616,452,270,387,273,443,386,402,388
617,450,269,385,272,442,385,401,386
618,449,270,383,273,441,384,400,386
619,448,270,382,273,440,385,398,387
620,447,270,381,273,440,384,398,386
621,446,269,380,273,439,385,398,386
622,445,269,380,273,438,384,397,386
623,445,269,380,273,436,384,396,386
624,444,269,380,273,436,384,395,386
625,444,269,380,273,435,385,394,386
626,445,269,380,273,435,385,394,387
627,445,268,381,273,435,386,395,387
628,445,269,380,273,435,387,394,388
629,445,269,380,273,435,386,394,388
630,445,268,380,272,436,387,394,388
631,446,268,380,272,436,386,395,388
632,446,268,380,272,437,387,395,389
633,447,269,381,273,438,387,397,388
634,448,269,381,273,438,387,397,388
635,449,270,382,273,439,389,398,390
636,450,270,383,273,441,389,399,390
637,451,270,383,273,441,390,399,390
638,451,270,383,274,443,390,401,391
639,452,271,384,275,444,390,401,391
640,454,272,385,275,445,392,402,393
641,454,272,386,275,445,393,402,393
642,455,273,386,275,446,392,402,393
643,455,272,386,275,445,392,402,393
644,456,272,387,275,446,393,402,393
645,457,271,387,276,446,395,402,396
646,458,272,386,276,446,397,401,397
647,458,274,386,277,445,399,400,399
648,458,275,384,278,445,401,400,401
649,458,276,384,279,445,403,399,402
650,459,277,383,279,445,405,398,405
651,459,277,381,280,447,407,398,407
652,460,277,379,280,447,410,397,410
653,460,275,378,279,446,410,394,410
654,458,272,376,275,447,410,395,410
655,459,270,372,274,449,415,392,415
656,460,269,370,272,447,418,388,417
657,461,267,367,271,448,419,387,419
658,461,267,365,269,450,427,386,426
659,463,265,365,268,451,431,385,431
660,463,264,362,266,451,435,382,433
661,464,262,362,264,452,438,382,437
662,465,260,362,262,452,440,380,439
663,467,261,361,261,452,446,377,443
664,470,262,359,262,453,448,377,445
665,471,262,358,263,455,452,376,449
666,474,263,357,264,456,456,375,453
667,478,266,355,266,460,460,375,457
668,483,267,355,268,462,466,375,463
669,488,267,354,268,465,468,375,465
670,492,265,352,265,467,467,376,463
671,495,260,352,262,470,464,377,461
672,501,256,351,259,474,464,377,461
673,507,254,349,256,476,455,380,451
674,511,251,347,253,478,467,378,463
675,516,249,344,251,482,469,378,465
676,519,245,340,248,485,470,378,467
677,525,245,340,248,489,463,380,459
678,529,241,336,247,493,462,381,460
679,533,239,334,245,497,464,383,462
680,536,239,331,243,500,464,383,462
681,540,239,327,242,503,469,383,465
682,545,237,322,243,509,471,382,469
683,544,235,317,242,509,467,378,468
684,547,239,310,240,507,474,365,473
685,548,242,305,244,513,476,377,475
686,547,242,301,247,517,478,382,478
687,555,240,287,241,518,478,364,478
688,547,238,309,168,486,459,349,432
689,270,182,149,153,217,365,138,358
689,549,216,307,158,506,457,363,436
690,550,197,299,154,505,453,355,432
690,256,136,142,71,214,404,139,388
691,559,187,300,149,507,462,355,441
691,550,155,254,130,449,419,259,406
692,560,210,268,189,475,421,326,404
692,572,197,278,183,507,457,354,443
693,589,180,227,179,490,435,292,430
694,607,178,235,204,558,435,364,433
695,484,240,225,215,370,434,238,422
696,658,257,230,256,592,388,370,374
697,646,280,251,324,633,345,442,357
698,671,258,154,280,605,324,326,331
699,715,279,82,311,612,322,280,324
700,637,186,101,271,539,263,245,292
701,680,211,140,285,560,267,253,292
702,671,309,103,319,543,371,240,352
703,747,229,163,226,637,407,328,379
704,765,237,129,205,566,377,219,334
705,729,250,151,211,510,375,181,327
705,388,292,84,348,294,280,133,291
706,695,203,214,178,472,286,189,250
706,366,213,132,252,253,254,120,261
707,685,191,220,160,472,308,197,268
707,394,111,144,144,289,251,127,262
708,776,155,316,114,583,327,309,277
708,375,95,142,119,276,204,115,206
709,769,173,300,145,598,352,316,303
709,406,94,197,98,278,222,133,219
710,743,255,256,291,623,317,341,311
710,382,251,255,291,269,248,208,253
711,747,241,250,295,620,306,333,290
711,349,171,208,176,199,152,121,141
712,357,175,189,159,196,167,100,145
712,710,236,257,283,638,348,379,332
713,358,166,167,174,206,159,97,149
713,797,244,257,303,678,315,367,304
714,358,201,147,215,198,151,83,145
714,774,279,267,298,655,330,362,301
715,316,160,203,159,171,129,110,123
715,805,284,312,303,680,341,399,314
716,329,190,135,188,200,140,92,131
716,751,277,248,301,658,318,368,295
