frame,person_id,left_shoulder_x,left_shoulder_y,left_shoulder_conf,right_shoulder_x,right_shoulder_y,right_shoulder_conf,left_hip_x,left_hip_y,left_hip_conf,right_hip_x,right_hip_y,right_hip_conf
1,0,432,279,0.9118026494979858,420,278,0.9820410013198853,429,326,0.9616972208023071,421,327,0.9842459559440613
2,0,437,280,0.9605018496513367,419,278,0.9924924969673157,432,328,0.9853672981262207,421,328,0.9940673112869263
3,0,438,281,0.9647287726402283,419,276,0.9907678961753845,432,328,0.988624095916748,421,327,0.9945467710494995
4,0,440,282,0.9698578715324402,419,277,0.9930633902549744,435,329,0.989446759223938,422,328,0.9953011274337769
5,0,441,282,0.9778943061828613,420,278,0.9947776794433594,435,328,0.9918659329414368,422,327,0.9963145852088928
6,0,442,283,0.9844706058502197,420,278,0.9947565793991089,435,328,0.9931163191795349,422,327,0.9962078332901001
7,0,444,282,0.9862013459205627,420,277,0.9951254725456238,438,328,0.9940356016159058,423,327,0.9966393709182739
8,0,445,282,0.9878512024879456,420,277,0.9945494532585144,438,329,0.994690477848053,423,327,0.9965907335281372
9,0,445,284,0.9868006706237793,420,279,0.9937790036201477,439,328,0.9940517544746399,423,327,0.9960975646972656
10,0,444,283,0.9877516031265259,419,279,0.9938827753067017,438,328,0.9942968487739563,422,327,0.9961091876029968
11,0,444,282,0.9873155355453491,418,278,0.9951362013816833,439,328,0.9948590993881226,422,327,0.9969684481620789
12,0,444,283,0.9901734590530396,418,279,0.9961913824081421,439,328,0.9954854846000671,422,327,0.9973347187042236
13,0,444,283,0.9904038906097412,417,279,0.9964693784713745,439,327,0.9956269264221191,422,326,0.9974905252456665
14,0,444,283,0.9909747242927551,417,279,0.9971233010292053,438,326,0.9958885312080383,421,325,0.9978187084197998
15,0,443,282,0.9912352561950684,416,279,0.9972602128982544,438,326,0.9960761666297913,421,326,0.9979522228240967
16,0,443,283,0.9919482469558716,415,280,0.9970831274986267,437,327,0.995987594127655,420,326,0.9977338314056396
17,0,443,283,0.9912638664245605,415,280,0.9963188171386719,437,327,0.9955787062644958,420,326,0.9972756505012512
18,0,442,282,0.9907078742980957,414,280,0.9964498281478882,436,327,0.9953248500823975,419,326,0.997260332107544
19,0,441,282,0.9903525710105896,414,280,0.9963763356208801,435,326,0.9950796365737915,419,326,0.9971309900283813
20,0,440,282,0.9936757683753967,414,281,0.9963604807853699,434,326,0.9954279661178589,418,325,0.9966205358505249
21,0,439,282,0.9932752847671509,413,282,0.9956672191619873,434,326,0.9953036308288574,418,326,0.996183454990387
22,0,439,283,0.9933466911315918,412,283,0.995820164680481,434,326,0.9952876567840576,417,326,0.9962109327316284
23,0,439,283,0.993129551410675,412,283,0.9955779314041138,434,327,0.9948373436927795,417,327,0.9957937002182007
24,0,439,283,0.99349045753479,412,283,0.9959438443183899,434,326,0.994722843170166,418,327,0.9957749247550964
25,0,439,283,0.9937077760696411,412,283,0.9957210421562195,434,327,0.9950760006904602,417,327,0.9958754181861877
26,0,438,283,0.9939219951629639,412,283,0.9958231449127197,433,328,0.995205819606781,417,328,0.9959789514541626
27,0,439,282,0.9933207631111145,411,283,0.9960888624191284,434,327,0.9951609969139099,418,328,0.9962982535362244
28,0,439,281,0.9937453269958496,412,282,0.9950454235076904,434,327,0.9954158067703247,418,328,0.9958541393280029
29,0,438,281,0.993357241153717,412,281,0.9950355291366577,434,327,0.995084822177887,418,327,0.9956966638565063
30,0,438,280,0.9933393597602844,412,281,0.9950951337814331,434,327,0.9950597286224365,418,328,0.9957051873207092
31,0,439,280,0.993507981300354,412,281,0.9954606890678406,434,327,0.9949325919151306,418,328,0.9957261085510254
32,0,438,280,0.9937580823898315,411,281,0.9954673051834106,434,328,0.994949221611023,418,329,0.9956606030464172
33,0,438,281,0.9867070317268372,411,282,0.9908384680747986,433,328,0.9896650910377502,417,329,0.9913334250450134
34,0,437,281,0.9872370958328247,411,283,0.9907310605049133,433,329,0.9897971153259277,417,330,0.9912047982215881
35,0,438,281,0.9876978993415833,410,283,0.9900221228599548,434,329,0.9894421100616455,417,330,0.9903290271759033
36,0,437,281,0.9879810214042664,410,283,0.9912029504776001,434,328,0.989410400390625,417,330,0.9908498525619507
37,0,437,281,0.9871930480003357,410,283,0.9896600246429443,434,328,0.987866997718811,417,329,0.9889638423919678
38,0,438,281,0.9866601228713989,410,283,0.9897101521492004,434,328,0.9873425960540771,417,329,0.9887832999229431
39,0,438,281,0.9869797229766846,410,283,0.991356372833252,434,327,0.9879456758499146,417,328,0.9901779294013977
40,0,438,281,0.9868209958076477,410,283,0.9911002516746521,434,327,0.9878067374229431,417,328,0.9899691939353943
41,0,438,280,0.9864728450775146,410,283,0.9912658333778381,435,327,0.9876495003700256,417,328,0.9900919198989868
42,0,438,281,0.9926701784133911,411,282,0.9944477081298828,434,326,0.9932559728622437,417,327,0.9942359328269958
43,0,439,281,0.9943162798881531,412,282,0.9947063326835632,435,327,0.9944658875465393,418,328,0.9947015047073364
44,0,439,281,0.9943798184394836,412,282,0.9950234889984131,435,327,0.9946025013923645,418,328,0.9949707388877869
45,0,439,281,0.991952121257782,411,282,0.9940813183784485,435,327,0.9928458333015442,418,327,0.9939739108085632
46,0,439,280,0.9925926327705383,412,282,0.9915282726287842,435,327,0.9927902221679688,418,328,0.9920509457588196
47,0,438,281,0.9859717488288879,410,283,0.9883289337158203,434,328,0.9864017367362976,417,329,0.9873989820480347
48,0,439,280,0.9925496578216553,412,282,0.9911971092224121,435,327,0.9925652742385864,418,328,0.9916439652442932
49,0,438,281,0.9855622053146362,410,283,0.9879604578018188,435,328,0.9851126074790955,417,329,0.9861720204353333
50,0,438,281,0.985343873500824,410,283,0.9882699251174927,435,328,0.9855944514274597,417,329,0.9869232773780823
51,0,438,281,0.9861629605293274,410,283,0.9890387058258057,434,328,0.9866983890533447,417,329,0.9879754185676575
52,0,438,281,0.9855746030807495,410,283,0.9880269765853882,434,328,0.9864213466644287,417,329,0.9874140620231628
53,0,438,281,0.9857111573219299,410,283,0.9880252480506897,434,328,0.9868359565734863,417,329,0.9877220988273621
54,0,438,281,0.985183596611023,410,283,0.9879866242408752,434,328,0.9867954254150391,417,329,0.9879123568534851
55,0,438,281,0.986042320728302,410,283,0.9890018701553345,434,328,0.9878101348876953,417,329,0.9890243411064148
56,0,438,281,0.9868739247322083,411,283,0.9902404546737671,435,328,0.9885210990905762,417,329,0.9899874329566956
57,0,438,281,0.9875432252883911,411,283,0.9902620911598206,435,328,0.9876580238342285,417,329,0.9889196753501892
58,0,439,281,0.9882687330245972,411,283,0.9909329414367676,435,329,0.9899573922157288,418,330,0.9910270571708679
59,0,439,281,0.9879986047744751,411,283,0.9896023869514465,435,328,0.9900637269020081,418,329,0.9905273914337158
60,0,439,281,0.9942790269851685,413,282,0.9941281080245972,436,329,0.9937870502471924,419,329,0.993526816368103
61,0,440,281,0.9888723492622375,412,282,0.9891213774681091,436,329,0.9908480644226074,418,330,0.9906518459320068
62,0,440,281,0.9891782999038696,413,282,0.9868934154510498,436,329,0.9910233020782471,419,329,0.9896780252456665
63,0,441,281,0.989200234413147,415,282,0.983627438545227,437,330,0.9914997220039368,420,330,0.9889131188392639
64,0,442,281,0.9867212772369385,416,281,0.9785205125808716,437,330,0.990243136882782,420,329,0.9868191480636597
65,0,443,281,0.9930192828178406,419,281,0.9785358309745789,438,330,0.9946634769439697,422,330,0.990067720413208
66,0,442,281,0.9929083585739136,421,281,0.9765650629997253,437,329,0.9943835735321045,424,329,0.9891926646232605
67,0,443,280,0.9925903081893921,422,281,0.9737159013748169,437,329,0.9947182536125183,424,329,0.9893747568130493
68,0,442,280,0.9894262552261353,424,280,0.9619173407554626,436,329,0.9935634136199951,425,329,0.9869104027748108
69,0,443,278,0.9856659770011902,425,278,0.9383925199508667,436,329,0.9930106997489929,425,329,0.984081506729126
70,0,443,278,0.9837766885757446,427,278,0.9210628867149353,436,330,0.9913848638534546,426,329,0.9788819551467896
71,0,442,278,0.985099732875824,428,279,0.9228440523147583,436,329,0.9901941418647766,428,328,0.9751238226890564
72,0,441,279,0.9869762063026428,428,279,0.9332482218742371,437,328,0.9907029867172241,429,327,0.9765536785125732
73,0,441,279,0.9858757853507996,430,279,0.9277795553207397,436,328,0.9894986152648926,430,327,0.973533034324646
74,0,440,279,0.9842038750648499,431,279,0.9229249358177185,436,328,0.9869219064712524,432,327,0.9679241180419922
75,0,438,279,0.9806638956069946,433,279,0.908662736415863,436,327,0.9847837090492249,433,327,0.9631775617599487
76,0,439,280,0.980985701084137,432,280,0.9119178056716919,436,328,0.9839782118797302,433,327,0.9617667198181152
77,0,438,280,0.9771051406860352,433,279,0.897978663444519,435,328,0.9812383651733398,433,327,0.9560943245887756
78,0,439,280,0.9797073602676392,432,279,0.909774124622345,436,328,0.9806928038597107,432,328,0.9550672769546509
79,0,439,280,0.9799817800521851,432,279,0.9092445373535156,436,328,0.9818326234817505,432,327,0.9572036266326904
80,0,438,280,0.9788738489151001,433,279,0.9032282829284668,435,328,0.9822810888290405,433,327,0.9578930139541626
81,0,438,280,0.9792574048042297,434,279,0.9049142003059387,435,328,0.9817332029342651,433,327,0.9566366672515869
82,0,438,279,0.9768952131271362,434,278,0.8948768973350525,435,327,0.9822889566421509,434,326,0.9578964710235596
83,0,437,279,0.97707599401474,435,278,0.8935602903366089,435,327,0.9830026030540466,435,326,0.959151566028595
84,0,437,280,0.9767645001411438,436,279,0.8933066725730896,435,327,0.982712984085083,435,326,0.9587092399597168
85,0,437,279,0.9778277277946472,435,278,0.8991028666496277,436,327,0.9846789240837097,435,327,0.9636069536209106
86,0,437,279,0.9776530265808105,434,279,0.8992467522621155,436,328,0.9847832322120667,434,327,0.9640205502510071
87,0,437,280,0.9777519106864929,435,278,0.9001463651657104,435,327,0.9852212071418762,435,326,0.9651398062705994
88,0,438,280,0.9829519391059875,433,279,0.919848620891571,436,327,0.986839771270752,433,326,0.968316376209259
89,0,439,280,0.9833749532699585,432,279,0.9237926602363586,436,328,0.9874252676963806,433,327,0.9701465368270874
90,0,439,279,0.9825267195701599,432,279,0.920910120010376,436,328,0.9871541857719421,432,327,0.9697279334068298
91,0,439,279,0.982662558555603,432,278,0.9212193489074707,436,328,0.987824559211731,432,327,0.9712234139442444
92,0,439,280,0.9831825494766235,433,279,0.9225539565086365,436,328,0.9876835942268372,433,328,0.9707051515579224
93,0,439,279,0.9819945693016052,433,279,0.9180166721343994,435,328,0.9874656796455383,432,327,0.9702942371368408
94,0,439,279,0.9820246696472168,432,279,0.920109212398529,435,327,0.9883325695991516,432,326,0.9727271199226379
95,0,439,280,0.9822236895561218,433,279,0.919955313205719,435,329,0.9882526993751526,432,328,0.9723739624023438
96,0,438,280,0.9786427021026611,433,279,0.9077684879302979,435,329,0.9842409491539001,434,328,0.9638498425483704
97,0,436,280,0.9748470783233643,434,279,0.8835963010787964,433,330,0.9817819595336914,433,329,0.9564244151115417
98,0,436,280,0.9718243479728699,434,279,0.871784508228302,433,332,0.9789713621139526,433,330,0.9501878619194031
99,0,435,280,0.9747986197471619,435,279,0.8786134719848633,432,330,0.9845836162567139,433,329,0.9621867537498474
100,0,433,278,0.9736461639404297,439,277,0.8760279417037964,431,327,0.9855442643165588,436,326,0.9648184180259705
101,0,431,278,0.9716193675994873,441,277,0.8740903735160828,432,325,0.9869470596313477,439,324,0.9691057205200195
102,0,425,280,0.9602019786834717,443,279,0.888017475605011,429,324,0.9866870641708374,442,324,0.9758888483047485
103,0,425,281,0.9771299958229065,443,279,0.9217926263809204,429,325,0.991463840007782,442,324,0.9829961657524109
104,0,422,282,0.9727158546447754,444,280,0.9364356994628906,426,326,0.9917598366737366,442,325,0.9868395924568176
105,0,418,283,0.9676079154014587,443,281,0.9463796615600586,424,326,0.9887486696243286,441,326,0.9851148724555969
106,0,416,283,0.971836268901825,443,281,0.9617261290550232,423,328,0.9905072450637817,441,327,0.9887608885765076
107,0,415,283,0.9708874225616455,442,282,0.9685927629470825,423,327,0.9889427423477173,441,326,0.9879520535469055
108,0,414,284,0.9824903607368469,443,283,0.981905460357666,421,328,0.9933478236198425,440,328,0.9929632544517517
109,0,413,284,0.9845893979072571,441,282,0.9874849915504456,421,327,0.9957417249679565,438,326,0.9960724115371704
110,0,413,283,0.986045777797699,442,282,0.9867645502090454,421,327,0.995925784111023,439,326,0.9959056377410889
111,0,413,283,0.9868912100791931,441,282,0.9888955354690552,420,327,0.9958374500274658,438,326,0.9960795044898987
112,0,413,282,0.9870176911354065,441,282,0.9906157851219177,420,326,0.9961618185043335,437,326,0.9966896772384644
113,0,412,282,0.9860429763793945,441,282,0.9916640520095825,419,327,0.9958602786064148,437,327,0.9967828989028931
114,0,412,282,0.9860397577285767,441,282,0.9926469326019287,419,328,0.9952355027198792,436,328,0.9965406060218811
115,0,413,282,0.9829414486885071,441,282,0.9915532469749451,419,328,0.9945055842399597,437,328,0.9961447715759277
116,0,413,281,0.9828364253044128,441,282,0.9915731549263,419,327,0.9944710731506348,437,327,0.9961439371109009
117,0,414,281,0.9792883992195129,441,281,0.9899712800979614,420,326,0.993674635887146,437,327,0.9956209063529968
118,0,414,281,0.9744205474853516,442,281,0.9874251484870911,421,327,0.9926537275314331,438,327,0.994880199432373
119,0,414,281,0.9702966809272766,441,281,0.9856292605400085,421,327,0.9913800358772278,438,327,0.9940495491027832
120,0,413,281,0.9691238403320312,442,281,0.9781769514083862,419,327,0.9922530055046082,438,327,0.9936068058013916
121,0,414,281,0.9698082804679871,443,280,0.9830789566040039,422,327,0.9898025393486023,440,327,0.9923756718635559
122,0,414,281,0.9700700640678406,443,280,0.9828070402145386,422,327,0.9895681738853455,441,327,0.9921046495437622
123,0,414,281,0.9711769819259644,444,281,0.9708059430122375,420,327,0.9913480877876282,440,326,0.9912810921669006
124,0,414,281,0.9718821048736572,443,281,0.9748773574829102,420,327,0.9920165538787842,439,327,0.9924923777580261
125,0,414,282,0.9727346897125244,443,281,0.9770983457565308,420,327,0.9921121597290039,439,327,0.9928251504898071
126,0,415,282,0.9748705625534058,443,281,0.9761282205581665,421,327,0.992715060710907,440,327,0.9929147958755493
127,0,416,282,0.976289689540863,443,282,0.9799820184707642,421,328,0.993241548538208,439,328,0.9938377737998962
128,0,416,282,0.9758283495903015,444,282,0.9772472381591797,421,327,0.9935089945793152,440,327,0.9937207698822021
129,0,417,282,0.9760119318962097,445,282,0.9776050448417664,422,327,0.9929556846618652,440,327,0.9932191967964172
130,0,417,283,0.9749676585197449,444,283,0.982559084892273,422,327,0.9934930205345154,439,327,0.9946644306182861
131,0,417,283,0.9747400283813477,444,283,0.9847050905227661,422,327,0.9932293891906738,439,327,0.9948391318321228
132,0,418,283,0.9733384847640991,444,282,0.9840112328529358,423,327,0.9937877655029297,439,327,0.9952971339225769
133,0,418,283,0.9769641757011414,444,282,0.9878814220428467,424,328,0.9945132732391357,440,327,0.996145486831665
134,0,418,283,0.9770409464836121,443,282,0.990536630153656,424,328,0.9936919212341309,439,327,0.9961196184158325
135,0,419,283,0.967026948928833,443,282,0.9872311949729919,425,328,0.9938473105430603,440,328,0.9963396787643433
136,0,419,282,0.9573860764503479,442,282,0.9850223660469055,425,328,0.9920156002044678,439,328,0.9955039620399475
137,0,419,282,0.9461531639099121,441,282,0.9852519035339355,424,328,0.9892738461494446,437,328,0.9947645664215088
138,0,421,282,0.9535149931907654,439,282,0.9905982613563538,425,328,0.9860862493515015,436,328,0.9942283630371094
139,0,421,281,0.9423143863677979,438,281,0.9872961044311523,425,326,0.974994957447052,436,326,0.9891571998596191
140,0,423,280,0.9495686292648315,437,280,0.9927445650100708,425,326,0.9827568531036377,435,326,0.9941186904907227
141,0,424,280,0.9453222155570984,437,280,0.9921070337295532,426,326,0.9817111492156982,434,326,0.9937894940376282
142,0,425,280,0.9433096051216125,435,281,0.9929210543632507,428,326,0.9727410078048706,434,327,0.9914824962615967
143,0,429,280,0.9284569025039673,432,282,0.9916270971298218,431,326,0.9634659290313721,433,327,0.9890810251235962
144,0,432,279,0.9149605631828308,430,280,0.9870380163192749,433,324,0.9624528288841248,432,325,0.9870879650115967
145,0,436,279,0.9241225719451904,428,279,0.9880500435829163,436,323,0.9642443060874939,431,324,0.9874240756034851
146,0,438,278,0.9063281416893005,428,279,0.9902414679527283,438,323,0.9595667123794556,432,324,0.9888028502464294
147,0,437,279,0.9202960729598999,427,279,0.9906038641929626,438,323,0.9586635231971741,432,324,0.9875597357749939
148,0,438,279,0.91233229637146,427,280,0.9908617734909058,440,323,0.9591788649559021,433,324,0.9885651469230652
149,0,438,279,0.9134379625320435,427,280,0.9899007678031921,439,323,0.9578038454055786,433,324,0.987387478351593
150,0,439,278,0.9376170039176941,427,279,0.9921871423721313,439,322,0.9664776921272278,432,323,0.9895025491714478
151,0,438,278,0.9419286251068115,427,279,0.9920175075531006,438,321,0.9684144258499146,432,322,0.9895731806755066
152,0,439,279,0.944838285446167,427,280,0.9931180477142334,439,323,0.9681684970855713,433,324,0.990025520324707
153,0,439,279,0.9472959637641907,427,279,0.9933921694755554,439,323,0.9710143208503723,432,323,0.9908769726753235
154,0,440,280,0.9638872742652893,427,279,0.99576735496521,439,324,0.9793217778205872,431,324,0.9937068819999695
155,0,441,279,0.9443425536155701,427,279,0.9948909282684326,439,323,0.9706618189811707,431,324,0.9922707080841064
156,0,441,279,0.9470403790473938,427,279,0.9945211410522461,440,323,0.9727259874343872,431,323,0.9923230409622192
157,0,442,280,0.9504218101501465,426,280,0.9948866963386536,441,324,0.9738743305206299,431,324,0.9926645159721375
158,0,444,280,0.9600510001182556,426,280,0.9958370923995972,441,323,0.9745801687240601,430,324,0.9927864670753479
159,0,443,281,0.9717422723770142,426,281,0.9958654642105103,441,324,0.9779466390609741,431,324,0.9923864603042603
160,0,444,281,0.9717930555343628,426,280,0.9956287145614624,441,324,0.9795213341712952,430,324,0.9927158951759338
161,0,445,281,0.9778048992156982,426,280,0.9958192110061646,442,324,0.9814549088478088,430,324,0.9926712512969971
162,0,445,281,0.9846153855323792,425,280,0.9963721036911011,442,325,0.9863826036453247,429,325,0.9938965439796448
163,0,446,282,0.9869694709777832,425,281,0.9959654808044434,442,326,0.9878548979759216,429,325,0.9936580061912537
164,0,447,282,0.9882410168647766,425,281,0.9968520998954773,443,325,0.9901581406593323,429,325,0.9952617883682251
165,0,448,282,0.9908245801925659,425,282,0.9973183274269104,444,325,0.9926409125328064,430,326,0.9962695837020874
166,0,448,283,0.9924288392066956,424,282,0.9977554678916931,443,327,0.9944105744361877,429,327,0.997133731842041
167,0,448,283,0.9933139681816101,424,282,0.997810423374176,442,327,0.9953832030296326,428,327,0.9974894523620605
168,0,448,283,0.9935739636421204,424,282,0.9977126121520996,442,327,0.9957197308540344,427,327,0.9975548386573792
169,0,449,283,0.9943532943725586,424,282,0.9977774024009705,441,327,0.9963147044181824,427,327,0.9977688789367676
170,0,449,283,0.9947389960289001,424,282,0.9979091286659241,441,327,0.9968168139457703,426,327,0.9980607628822327
171,0,449,283,0.993503749370575,424,283,0.9969767332077026,441,327,0.9957706332206726,427,327,0.9971785545349121
172,0,450,283,0.993509829044342,424,283,0.9970582723617554,442,328,0.9958939552307129,427,327,0.9972984194755554
173,0,450,284,0.9931561350822449,424,284,0.9969291090965271,442,328,0.995711088180542,427,328,0.9971957206726074
174,0,450,284,0.9938011765480042,424,284,0.9970153570175171,442,329,0.99601811170578,427,329,0.9972934126853943
175,0,449,284,0.9932798743247986,424,284,0.9966791868209839,442,329,0.9957394599914551,427,329,0.9970695376396179
176,0,449,284,0.9920967817306519,423,284,0.9959715008735657,442,330,0.9949656128883362,427,330,0.9964840412139893
177,0,449,285,0.9921109676361084,422,285,0.9952182173728943,443,331,0.9945245981216431,427,331,0.9958025813102722
178,0,448,284,0.9914895296096802,422,285,0.9947841763496399,443,330,0.9942323565483093,427,330,0.9955558180809021
179,0,448,284,0.9928792119026184,421,286,0.9948890805244446,443,330,0.9947866201400757,426,330,0.9956257343292236
180,0,448,285,0.9931221604347229,421,286,0.9956374764442444,442,331,0.9948903322219849,426,331,0.9960009455680847
181,0,447,285,0.9928338527679443,420,286,0.9946988821029663,442,331,0.9945935606956482,426,331,0.9953843951225281
182,0,447,285,0.9925285577774048,419,286,0.9946907162666321,442,331,0.9943390488624573,425,332,0.9952775239944458
183,0,447,284,0.9928576946258545,418,285,0.9957114458084106,442,330,0.9947443008422852,425,331,0.9960047602653503
184,0,446,284,0.9935342073440552,418,286,0.9958282113075256,442,331,0.995414137840271,425,332,0.9963672161102295
185,0,446,284,0.9937304258346558,417,285,0.9961219429969788,442,331,0.9954965114593506,424,331,0.9965131878852844
186,0,445,284,0.9941686391830444,416,285,0.9968120455741882,441,330,0.9959602952003479,424,331,0.9970850348472595
187,0,444,284,0.9944790601730347,415,285,0.9970792531967163,441,330,0.9961884617805481,423,331,0.9972943663597107
188,0,444,284,0.9944003224372864,415,285,0.9969143867492676,441,330,0.9961212277412415,423,330,0.9971850514411926
189,0,444,284,0.9947329759597778,414,285,0.997248113155365,441,330,0.9965372085571289,423,331,0.9975550770759583
190,0,444,283,0.9955578446388245,414,284,0.9968876242637634,441,331,0.9958764314651489,423,332,0.9965999722480774
191,0,444,283,0.9956279993057251,414,284,0.9970664381980896,441,331,0.9961406588554382,423,332,0.9968926310539246
192,0,443,283,0.9958299994468689,414,284,0.9969949722290039,440,332,0.996217668056488,422,333,0.9968309998512268
193,0,443,283,0.9955161213874817,414,285,0.9969846606254578,441,333,0.995768666267395,422,334,0.9965920448303223
194,0,443,283,0.9953487515449524,414,285,0.9968808889389038,441,334,0.9955731630325317,423,335,0.9964402318000793
195,0,443,284,0.9950501322746277,414,286,0.9966890215873718,441,335,0.9953768253326416,423,336,0.9962848424911499
196,0,444,285,0.9940400123596191,413,286,0.9964413046836853,441,338,0.9963228702545166,422,338,0.9971998929977417
197,0,444,286,0.9934923052787781,413,287,0.9959582686424255,441,339,0.9959766268730164,423,339,0.9968696236610413
198,0,445,286,0.9930893778800964,413,288,0.9956984519958496,442,340,0.9958167672157288,423,340,0.9967548251152039
199,0,445,287,0.9924898743629456,414,288,0.995415210723877,442,340,0.9955019354820251,423,341,0.9965533018112183
200,0,445,286,0.992606520652771,414,288,0.9953672885894775,442,340,0.995396077632904,423,341,0.9964269995689392
201,0,446,286,0.9933551549911499,414,287,0.994343638420105,442,339,0.9956151247024536,423,340,0.9959713816642761
202,0,446,283,0.9929609894752502,415,284,0.9940788745880127,443,337,0.994076132774353,424,338,0.9947518706321716
203,0,446,282,0.9940159320831299,415,283,0.9936078786849976,443,337,0.9948352575302124,424,337,0.9947658777236938
204,0,447,281,0.9942609071731567,415,282,0.9934996366500854,443,336,0.9952254295349121,423,337,0.9950159192085266
205,0,447,280,0.9943556785583496,415,282,0.9941768646240234,443,335,0.9954922199249268,423,336,0.9955278038978577
206,0,448,280,0.994429349899292,415,281,0.9939782619476318,443,335,0.9956009387969971,423,335,0.9955246448516846
207,0,448,279,0.9944391250610352,415,281,0.993946373462677,443,335,0.9957394599914551,423,335,0.9956488013267517
208,0,448,279,0.9942682981491089,415,280,0.9927685260772705,443,334,0.9955573678016663,423,335,0.9950775504112244
209,0,448,280,0.9932724237442017,414,280,0.9909868836402893,442,336,0.9951812624931335,421,336,0.9944491386413574
210,0,448,279,0.9932793974876404,414,280,0.9911186099052429,442,336,0.9954057931900024,421,336,0.9947527647018433
211,0,448,279,0.9928784966468811,414,279,0.990119218826294,442,336,0.9951386451721191,421,336,0.9943015575408936
212,0,448,279,0.9936131834983826,415,279,0.990253210067749,442,337,0.995162308216095,422,337,0.9940290451049805
213,0,448,279,0.99302738904953,415,279,0.9909522533416748,442,337,0.994705855846405,421,337,0.9940049052238464
214,0,448,279,0.9934923052787781,415,279,0.9919547438621521,441,338,0.994724690914154,421,337,0.9941790103912354
215,0,448,279,0.9941337704658508,414,279,0.9931437969207764,441,338,0.9946464896202087,420,338,0.9942536950111389
216,0,449,279,0.9941686391830444,415,279,0.9940528273582458,441,337,0.9948368072509766,421,337,0.9948371648788452
217,0,449,278,0.9931529760360718,415,278,0.9941008687019348,442,337,0.9947545528411865,421,337,0.9952024221420288
218,0,449,279,0.9936490654945374,415,279,0.994330644607544,441,338,0.9942722320556641,421,338,0.9946470856666565
219,0,449,279,0.9931502938270569,415,279,0.9942129254341125,441,338,0.9936597943305969,421,338,0.9942501783370972
220,0,449,279,0.9928146600723267,415,279,0.994097113609314,441,338,0.9934400916099548,421,338,0.9941478967666626
221,0,448,278,0.9910107851028442,413,279,0.995131254196167,441,338,0.9944441914558411,420,338,0.9959859251976013
222,0,448,278,0.9908891320228577,413,279,0.9951035976409912,442,338,0.9944368600845337,420,338,0.9959884285926819
223,0,448,277,0.9929211735725403,415,278,0.99338299036026,442,337,0.9936389327049255,421,338,0.9939228892326355
224,0,448,277,0.9922683835029602,415,278,0.9935803413391113,442,337,0.9933599829673767,422,338,0.9940751791000366
225,0,448,277,0.9923079013824463,415,278,0.9930608868598938,442,337,0.99327552318573,422,338,0.9937148690223694
226,0,448,277,0.9923749566078186,415,278,0.993344783782959,442,337,0.9933359622955322,422,338,0.9938915967941284
227,0,448,278,0.9919554591178894,415,279,0.9927883744239807,442,338,0.9929134249687195,422,338,0.9934101700782776
228,0,448,278,0.9924414157867432,415,279,0.9928579330444336,442,338,0.9931334853172302,421,338,0.9934315085411072
229,0,449,278,0.9932399988174438,415,279,0.9934689998626709,442,338,0.9937788844108582,421,338,0.9939768314361572
230,0,449,278,0.9935362935066223,415,279,0.9941365718841553,443,337,0.9941646456718445,422,338,0.9945399165153503
231,0,448,278,0.9932968020439148,415,279,0.9938684105873108,442,338,0.9940820336341858,422,338,0.9944379329681396
232,0,449,278,0.9929779171943665,415,279,0.9939502477645874,443,338,0.9938832521438599,422,338,0.9944419264793396
233,0,448,277,0.9930140376091003,415,279,0.9941258430480957,442,337,0.9938710927963257,422,338,0.994504988193512
234,0,448,278,0.9932079911231995,415,279,0.9940266609191895,442,338,0.9940565824508667,421,338,0.9945377707481384
235,0,448,278,0.9933328032493591,414,279,0.9935158491134644,442,338,0.9939950108528137,421,338,0.9941650032997131
236,0,448,278,0.9933171272277832,415,279,0.9928656816482544,442,338,0.9939070343971252,421,338,0.9937728047370911
237,0,448,279,0.9932543635368347,415,280,0.9927775859832764,442,338,0.9938342571258545,422,338,0.9937006235122681
238,0,447,279,0.9929555654525757,414,280,0.9920891523361206,442,339,0.9940377473831177,421,339,0.9937572479248047
239,0,447,279,0.9929748773574829,414,280,0.9924365878105164,441,339,0.9939631819725037,421,339,0.993807852268219
240,0,447,279,0.9928821325302124,415,279,0.9905205965042114,441,339,0.9937260746955872,421,339,0.9927894473075867
241,0,447,280,0.9923917651176453,412,280,0.990337610244751,440,340,0.9955304265022278,418,340,0.9948794841766357
242,0,447,279,0.9937407374382019,414,280,0.9841049313545227,439,339,0.994186520576477,419,339,0.9900376796722412
243,0,445,279,0.9942216277122498,413,280,0.9832240343093872,438,339,0.9952653646469116,418,338,0.9912610650062561
244,0,445,279,0.9932510256767273,414,280,0.9788828492164612,437,339,0.9944621920585632,418,339,0.9893609881401062
245,0,444,279,0.9935709238052368,414,280,0.9777063727378845,437,339,0.9948415160179138,418,339,0.9895089864730835
246,0,443,280,0.9922116994857788,415,281,0.9722892045974731,436,339,0.9944474697113037,418,339,0.9885361194610596
247,0,442,278,0.9924036264419556,417,279,0.9682902097702026,434,339,0.9949553608894348,418,338,0.9885773658752441
248,0,439,277,0.9950782060623169,419,278,0.9430568814277649,432,338,0.9964439272880554,420,338,0.9877713918685913
249,0,439,277,0.9943895936012268,418,279,0.9424139261245728,432,336,0.9960648417472839,420,336,0.9872925281524658
250,0,438,279,0.987548828125,417,279,0.9406456351280212,430,338,0.9913755059242249,417,337,0.9788909554481506
251,0,436,279,0.9900297522544861,417,279,0.9488595128059387,428,339,0.9918381571769714,416,338,0.9792319536209106
252,0,435,279,0.9897937774658203,417,278,0.9476024508476257,427,338,0.9919405579566956,416,337,0.9794830083847046
253,0,434,279,0.9902166128158569,417,279,0.9512054920196533,427,338,0.9910752773284912,417,337,0.9775855541229248
254,0,433,278,0.9902295470237732,418,277,0.9512807726860046,426,338,0.9905762672424316,417,336,0.9763546586036682
255,0,433,278,0.9915978908538818,417,277,0.9563131928443909,426,337,0.9922870397567749,417,335,0.9801738262176514
256,0,432,278,0.9918979406356812,417,277,0.957932710647583,425,337,0.9918027520179749,416,335,0.9789766073226929
257,0,431,277,0.9916940331459045,417,276,0.9556207656860352,425,338,0.9921594858169556,417,337,0.9795845746994019
258,0,431,277,0.9919588565826416,418,277,0.9566620588302612,425,338,0.9920431971549988,417,337,0.9792530536651611
259,0,429,278,0.9909597635269165,419,277,0.9511696696281433,424,339,0.9913097620010376,419,338,0.9773493409156799
260,0,427,279,0.9912006258964539,419,278,0.952383279800415,424,340,0.9895638823509216,420,338,0.9727585911750793
261,0,427,278,0.9890543222427368,421,277,0.9421470761299133,424,338,0.9903574585914612,421,337,0.9751344919204712
262,0,424,278,0.9894183278083801,423,276,0.9423747062683105,423,338,0.9895421266555786,422,337,0.9725038409233093
263,0,425,277,0.9887035489082336,420,276,0.9420554637908936,423,337,0.9893115162849426,421,336,0.973747968673706
264,0,425,277,0.9864779710769653,421,276,0.9300022125244141,424,337,0.98848956823349,422,336,0.9706780910491943
265,0,425,277,0.9859636425971985,421,276,0.9276760220527649,423,337,0.987842321395874,422,335,0.9691004157066345
266,0,426,276,0.9912715554237366,419,275,0.9481200575828552,424,336,0.9911908507347107,420,335,0.976482629776001
267,0,426,276,0.9884877800941467,420,275,0.9389244318008423,423,337,0.9895720481872559,420,335,0.9731393456459045
268,0,426,277,0.988060712814331,420,276,0.9368568658828735,424,337,0.9900452494621277,421,335,0.9743782877922058
269,0,426,278,0.9878721237182617,421,276,0.9380711913108826,424,337,0.9884974956512451,421,336,0.9710139632225037
270,0,426,279,0.98736971616745,421,277,0.9356565475463867,424,338,0.9880275726318359,421,337,0.9698714017868042
271,0,427,279,0.9877163767814636,421,277,0.9375976324081421,424,338,0.9880615472793579,421,337,0.9700436592102051
272,0,427,279,0.9884135127067566,422,277,0.9405493140220642,424,338,0.9886342287063599,422,336,0.971290111541748
273,0,427,279,0.9895181059837341,422,277,0.9461045861244202,424,338,0.989397406578064,421,336,0.9732041358947754
274,0,428,279,0.9888349175453186,422,277,0.9436144828796387,424,338,0.9884368777275085,422,337,0.9711250066757202
275,0,427,279,0.9892117977142334,423,277,0.9446437954902649,424,339,0.9890179634094238,422,337,0.9723251461982727
276,0,426,279,0.9871430993080139,425,277,0.9349914789199829,424,339,0.9882305860519409,424,337,0.9705032706260681
277,0,425,279,0.9861735105514526,427,277,0.9306095242500305,424,339,0.9875807762145996,426,338,0.9690237641334534
278,0,425,279,0.9851224422454834,428,277,0.9264073967933655,425,339,0.9867532253265381,428,337,0.9671952128410339
279,0,424,279,0.9799884557723999,431,277,0.9068282246589661,425,340,0.9832715392112732,430,338,0.959827721118927
280,0,425,279,0.974951446056366,429,276,0.8863464593887329,427,338,0.9825947880744934,431,336,0.9586538076400757
281,0,421,279,0.971484899520874,436,276,0.8777011036872864,425,338,0.9822267293930054,435,337,0.9587721228599548
282,0,419,279,0.9705891609191895,438,276,0.8743583559989929,425,338,0.9829173684120178,437,336,0.960303008556366
283,0,418,279,0.9726646542549133,439,276,0.8883122801780701,424,337,0.9866868257522583,437,335,0.9696497917175293
284,0,418,280,0.9768527746200562,441,277,0.9030227065086365,422,338,0.9894065260887146,437,336,0.9755056500434875
285,0,419,281,0.9798046350479126,443,279,0.8282291293144226,424,339,0.9904903173446655,439,339,0.9714345932006836
286,0,418,281,0.9791269898414612,445,279,0.8359135389328003,424,340,0.9907079935073853,440,339,0.9732600450515747
287,0,418,280,0.984045147895813,447,279,0.8586211204528809,424,339,0.9931279420852661,442,338,0.9790669083595276
288,0,419,280,0.984286904335022,449,278,0.8230623006820679,426,339,0.9935130476951599,445,338,0.9772135019302368
289,0,415,280,0.9730622172355652,449,277,0.8371009826660156,425,339,0.9909692406654358,447,339,0.976880669593811
290,0,416,280,0.9812812209129333,452,278,0.9139160513877869,425,338,0.9939597845077515,448,337,0.9869434833526611
291,0,417,280,0.9895055890083313,452,279,0.9863923192024231,424,338,0.996401309967041,447,338,0.9958904385566711
292,0,417,280,0.985112726688385,452,279,0.9496203660964966,424,337,0.9960705041885376,447,337,0.9928176403045654
293,0,417,280,0.9818516969680786,453,279,0.9505118131637573,424,337,0.995618462562561,447,337,0.9928014278411865
294,0,419,279,0.983380913734436,453,278,0.9834310412406921,426,337,0.9942451119422913,448,336,0.9945629239082336
295,0,420,279,0.9828633666038513,454,278,0.9815865159034729,427,338,0.99442058801651,449,337,0.9944990873336792
296,0,420,279,0.9827956557273865,454,278,0.982521653175354,427,337,0.9945471286773682,449,337,0.9947810769081116
297,0,420,279,0.9792511463165283,454,278,0.9825941920280457,427,337,0.9940542578697205,449,336,0.9948467016220093
298,0,419,279,0.9769024848937988,454,278,0.9807815551757812,426,338,0.9925550818443298,449,337,0.9935526847839355
299,0,419,279,0.9774221181869507,454,278,0.9822283387184143,426,337,0.9924885034561157,449,336,0.9936596751213074
300,0,418,279,0.9747733473777771,454,278,0.9812110662460327,425,338,0.9912279844284058,449,337,0.9928073883056641
301,0,418,279,0.9749656319618225,453,277,0.9803661704063416,426,336,0.991751492023468,449,335,0.9930554032325745
302,0,418,279,0.9757509231567383,453,278,0.9817807674407959,425,337,0.9912906885147095,448,336,0.9928419589996338
303,0,417,279,0.9749751091003418,453,278,0.9794442653656006,424,337,0.9901840090751648,448,336,0.9915287494659424
304,0,416,278,0.9764069318771362,453,278,0.9791325926780701,423,337,0.990720272064209,447,337,0.9916644096374512
305,0,416,277,0.9741548299789429,452,277,0.9797623753547668,422,336,0.9910736680030823,446,336,0.9925076365470886
306,0,416,278,0.9738513827323914,451,277,0.9793047308921814,423,337,0.9911994338035583,446,336,0.9925825595855713
307,0,415,278,0.9763220548629761,451,277,0.9796760082244873,423,337,0.9912522435188293,447,336,0.9922875165939331
308,0,416,279,0.9807125329971313,451,277,0.9819584488868713,423,337,0.9920885562896729,446,336,0.9927135109901428
309,0,415,278,0.9805220365524292,450,278,0.9828733801841736,422,336,0.9919885396957397,445,336,0.9928633570671082
310,0,415,279,0.9762900471687317,450,278,0.9827689528465271,421,337,0.992412269115448,444,337,0.9938763976097107
311,0,414,278,0.9727337956428528,449,278,0.9811187982559204,419,337,0.9914438128471375,443,337,0.9932630658149719
312,0,411,279,0.9795528054237366,448,279,0.9875612854957581,418,337,0.994024932384491,443,337,0.99540776014328
313,0,410,278,0.9783656597137451,447,279,0.9892063140869141,417,337,0.9937991499900818,441,337,0.9957418441772461
314,0,409,279,0.977532148361206,445,279,0.9910070300102234,417,339,0.9933510422706604,441,339,0.9959567189216614
315,0,409,279,0.9707868695259094,443,279,0.9908366203308105,416,339,0.9904435276985168,439,339,0.9947252869606018
316,0,409,279,0.9635589122772217,442,280,0.9896249175071716,415,339,0.9910178184509277,437,340,0.9952940344810486
317,0,408,280,0.9674422144889832,442,280,0.9900986552238464,415,339,0.9892445802688599,438,339,0.9941689968109131
318,0,409,279,0.970291793346405,440,279,0.9936322569847107,416,339,0.9878403544425964,437,339,0.9945387244224548
319,0,410,278,0.9693161249160767,440,279,0.9946773052215576,417,338,0.9878629446029663,437,339,0.9951775074005127
320,0,412,277,0.9706363081932068,440,278,0.9950547218322754,417,338,0.9897714257240295,436,339,0.9960008263587952
321,0,413,277,0.9679486751556396,439,278,0.9948549270629883,418,338,0.9888712763786316,436,338,0.9957717061042786
322,0,413,276,0.9687277674674988,438,278,0.9952659606933594,418,337,0.9882766604423523,435,338,0.995690643787384
323,0,414,276,0.9665197134017944,438,277,0.9949641227722168,419,337,0.9879804253578186,435,337,0.9956117868423462
324,0,415,275,0.9587551355361938,436,277,0.9950922727584839,419,336,0.9842920303344727,433,337,0.9949873685836792
325,0,417,275,0.9586445093154907,436,277,0.9937653541564941,420,337,0.9843294620513916,434,337,0.9945504069328308
326,0,416,274,0.9409547448158264,435,275,0.9937082529067993,420,338,0.9824874997138977,433,339,0.9950123429298401
327,0,417,274,0.9326136708259583,434,276,0.9937229752540588,421,338,0.9778138399124146,433,339,0.9941617846488953
328,0,421,274,0.9199147820472717,432,275,0.9937418103218079,425,338,0.9698578715324402,433,339,0.9928587675094604
329,0,423,274,0.9120113253593445,431,276,0.9935640692710876,427,338,0.9646447896957397,433,339,0.9919373393058777
330,0,423,273,0.9098770618438721,432,276,0.9924240112304688,427,337,0.9714853763580322,433,339,0.9929993152618408
331,0,423,274,0.9110434055328369,432,276,0.9920044541358948,429,336,0.9715240597724915,434,338,0.9927414655685425
332,0,423,275,0.9263414144515991,432,277,0.9933795928955078,429,336,0.9697191715240479,435,338,0.9921888113021851
333,0,425,274,0.9309588074684143,431,277,0.9932447075843811,431,336,0.9706928133964539,435,338,0.9920551180839539
334,0,427,273,0.9377220273017883,431,277,0.9936191439628601,432,335,0.9710874557495117,435,338,0.9919264316558838
335,0,429,273,0.935126781463623,430,276,0.9934764504432678,433,335,0.9692307710647583,434,337,0.9915123581886292
336,0,431,274,0.9420700073242188,429,278,0.9936820268630981,434,336,0.9694662094116211,434,338,0.9911636114120483
337,0,431,275,0.9335800409317017,430,278,0.992893636226654,434,336,0.965934157371521,434,339,0.990266740322113
338,0,430,276,0.929125964641571,430,279,0.9925590753555298,434,337,0.9640829563140869,434,339,0.9898569583892822
339,0,434,276,0.9387663006782532,428,279,0.9923174381256104,437,337,0.9672363996505737,433,339,0.9897414445877075
340,0,431,276,0.9308313131332397,429,280,0.992572009563446,435,337,0.9618666172027588,434,339,0.9890782237052917
341,0,436,277,0.9410054087638855,427,279,0.9922122955322266,439,336,0.966817319393158,433,338,0.9893285632133484
342,0,438,276,0.9456833004951477,426,278,0.9927379488945007,439,336,0.9685735106468201,432,338,0.9898159503936768
343,0,439,276,0.9490519165992737,426,278,0.9936728477478027,440,336,0.968756377696991,432,337,0.9902764558792114
344,0,440,277,0.9523882269859314,425,279,0.9934545755386353,441,337,0.9707268476486206,432,338,0.9903749823570251
345,0,442,277,0.9530000686645508,425,278,0.9944773316383362,442,336,0.9724598526954651,431,337,0.9916901588439941
346,0,443,277,0.958652913570404,425,278,0.9951547384262085,442,336,0.9769782423973083,431,337,0.993044912815094
347,0,445,277,0.9612967371940613,424,278,0.9954162836074829,443,336,0.9758063554763794,430,337,0.9926497340202332
348,0,444,277,0.9630157947540283,424,278,0.9954814910888672,443,336,0.9767716526985168,430,337,0.9928134083747864
349,0,445,278,0.966140866279602,423,279,0.9960220456123352,444,336,0.9784963130950928,430,337,0.993488073348999
350,0,446,278,0.9639270305633545,423,279,0.9959255456924438,445,337,0.976326584815979,430,338,0.9930040240287781
351,0,446,279,0.9706775546073914,423,280,0.9953513145446777,444,337,0.9796262383460999,430,338,0.992705762386322
352,0,446,280,0.9745076894760132,423,280,0.9961801767349243,444,337,0.9824855327606201,429,339,0.9939123392105103
353,0,447,280,0.9807851314544678,422,281,0.9960702657699585,444,338,0.986142098903656,429,339,0.9942430853843689
354,0,447,281,0.9858036041259766,422,281,0.9967653751373291,443,339,0.9893611073493958,428,339,0.995293915271759
355,0,448,280,0.988616406917572,422,280,0.997109591960907,444,338,0.9922822117805481,428,338,0.9963659048080444
356,0,448,280,0.9885824918746948,421,280,0.9972735047340393,443,338,0.99269038438797,427,338,0.9966758489608765
357,0,447,281,0.992215096950531,420,281,0.9978347420692444,442,338,0.9948086142539978,426,339,0.9974155426025391
358,0,447,280,0.9932861924171448,419,280,0.9982050657272339,442,338,0.9954415559768677,425,339,0.997776210308075
359,0,447,280,0.99339759349823,418,281,0.9979912042617798,442,338,0.9955480098724365,424,339,0.997657060623169
360,0,447,279,0.9934192299842834,417,280,0.9978158473968506,441,338,0.9957068562507629,424,339,0.9976275563240051
361,0,446,279,0.9935874938964844,416,280,0.9978919625282288,441,338,0.9959717392921448,423,339,0.9977871179580688
362,0,446,278,0.9934648871421814,415,280,0.9939088821411133,439,337,0.9939462542533875,420,338,0.9941900968551636
363,0,446,279,0.9938433170318604,414,280,0.9943711161613464,438,337,0.9942018389701843,419,337,0.9945229291915894
364,0,446,280,0.9932835102081299,413,280,0.9941072463989258,438,338,0.9935135841369629,419,338,0.9940379858016968
365,0,445,280,0.9930807948112488,412,281,0.9937357306480408,438,338,0.9936929941177368,418,338,0.994114100933075
366,0,444,279,0.9928626418113708,410,280,0.9960368275642395,438,337,0.9947971701622009,417,338,0.9961453676223755
367,0,444,279,0.9928735494613647,409,280,0.9956755042076111,438,337,0.9947834610939026,417,337,0.995952844619751
368,0,443,279,0.9925320744514465,408,280,0.9951717257499695,437,337,0.9946422576904297,416,338,0.9956914782524109
369,0,442,280,0.9919894337654114,409,281,0.9933416247367859,438,338,0.993715226650238,417,339,0.9943180680274963
370,0,441,279,0.9908045530319214,408,281,0.992377758026123,438,338,0.9920646548271179,417,339,0.9928414821624756
371,0,441,279,0.9922922849655151,408,281,0.9919890761375427,437,338,0.993063747882843,416,339,0.9929826259613037
372,0,441,279,0.9913764595985413,407,281,0.9917538166046143,437,339,0.9922569990158081,416,339,0.9925082325935364
373,0,441,279,0.992099404335022,407,281,0.9922776222229004,437,339,0.9928541779518127,415,339,0.9930102229118347
374,0,441,280,0.9920584559440613,407,281,0.9923377633094788,437,339,0.9928082227706909,415,340,0.9930039048194885
375,0,441,280,0.9919700026512146,407,281,0.9923464059829712,437,338,0.9929498434066772,415,339,0.993194580078125
376,0,441,279,0.9925591945648193,408,281,0.9911596179008484,437,338,0.9930912256240845,416,338,0.9925423860549927
377,0,441,279,0.993032693862915,408,281,0.9895055890083313,437,338,0.9929754734039307,416,338,0.9914603233337402
378,0,441,279,0.9927887320518494,408,281,0.9910607933998108,437,338,0.9931415915489197,416,338,0.9924465417861938
379,0,441,279,0.9931055903434753,408,280,0.9891357421875,436,338,0.9930660724639893,416,338,0.9913920164108276
380,0,440,280,0.9928451180458069,408,281,0.9893468022346497,436,338,0.9926457405090332,415,339,0.9911178946495056
381,0,440,280,0.9926660656929016,408,281,0.9889830946922302,436,338,0.9923810362815857,415,339,0.990761935710907
382,0,440,279,0.9930021166801453,408,281,0.9888839721679688,436,338,0.9927005171775818,415,338,0.9908993244171143
383,0,440,279,0.9929250478744507,408,281,0.9894008040428162,436,338,0.9927638173103333,415,338,0.9912424087524414
384,0,440,279,0.9932025671005249,408,280,0.9888124465942383,436,338,0.9928866028785706,415,338,0.9909783601760864
385,0,440,279,0.9929458498954773,408,281,0.9884700775146484,436,339,0.992705762386322,415,339,0.9907882809638977
386,0,440,279,0.9931081533432007,408,281,0.9875420928001404,436,338,0.9928515553474426,415,339,0.9905099272727966
387,0,440,279,0.9934394955635071,407,281,0.988111138343811,436,339,0.9931695461273193,415,339,0.9909114241600037
388,0,440,279,0.9928325414657593,407,281,0.9894822835922241,436,339,0.9928802847862244,415,339,0.9914724230766296
389,0,440,279,0.9928367733955383,407,281,0.9885745644569397,435,339,0.9925428628921509,414,339,0.990689754486084
390,0,440,279,0.9929210543632507,406,281,0.9893408417701721,435,339,0.9927305579185486,414,339,0.9911813735961914
391,0,439,280,0.9924362301826477,406,281,0.9898960590362549,435,339,0.9922472238540649,414,339,0.9911379218101501
392,0,439,280,0.9930022358894348,405,281,0.9900360107421875,435,340,0.9925171136856079,413,340,0.9911636114120483
393,0,438,280,0.9932628273963928,405,282,0.9901067614555359,434,340,0.9927777647972107,413,340,0.9913416504859924
394,0,438,281,0.9932055473327637,405,282,0.9902889728546143,434,340,0.992624819278717,413,340,0.9912785887718201
395,0,438,281,0.9940828680992126,403,283,0.9936791062355042,434,341,0.9945467710494995,411,342,0.9942176342010498
396,0,438,281,0.9941703081130981,403,283,0.9937385320663452,434,340,0.9947295784950256,412,341,0.9944002032279968
397,0,438,281,0.9941465854644775,402,283,0.9942037463188171,434,340,0.9948205947875977,411,341,0.9947369694709778
398,0,438,281,0.9940013289451599,402,283,0.9943918585777283,434,341,0.9948123693466187,412,342,0.9948928356170654
399,0,438,281,0.9931521415710449,404,283,0.9918613433837891,434,340,0.9933237433433533,412,341,0.9928145408630371
400,0,438,281,0.994436502456665,402,283,0.9952124357223511,434,342,0.9952248334884644,412,343,0.9955149292945862
401,0,438,282,0.9929987192153931,403,283,0.9927086234092712,435,341,0.9935272336006165,413,342,0.9934670329093933
402,0,439,282,0.993461012840271,404,283,0.9921209812164307,435,342,0.993591845035553,413,343,0.9930423498153687
403,0,439,282,0.9931294322013855,404,284,0.9925557971000671,436,343,0.9933324456214905,413,344,0.993128776550293
404,0,440,283,0.9939449429512024,404,284,0.9911848902702332,436,344,0.9941228032112122,413,345,0.9929755926132202
405,0,440,283,0.9941085577011108,404,284,0.9921991229057312,437,346,0.9944562911987305,414,346,0.9936843514442444
406,0,441,284,0.9933131337165833,404,285,0.9918070435523987,437,346,0.9934020638465881,414,346,0.9927724003791809
407,0,441,284,0.9933390021324158,405,285,0.9926168322563171,437,346,0.9935856461524963,414,346,0.9932992458343506
408,0,442,283,0.9933050274848938,405,284,0.9922559261322021,437,346,0.9937129616737366,414,346,0.9932726621627808
409,0,443,283,0.9930723309516907,406,283,0.9919368028640747,438,346,0.993658721446991,415,346,0.9932016730308533
410,0,444,282,0.9925709366798401,405,282,0.9921467900276184,439,346,0.9928225874900818,415,346,0.9926880598068237
411,0,445,281,0.9918436408042908,406,281,0.9928058981895447,440,346,0.9926865100860596,416,346,0.993198573589325
412,0,446,281,0.9909440279006958,405,283,0.9934614896774292,441,348,0.9934337139129639,416,349,0.9943721294403076
413,0,446,279,0.9913523197174072,405,282,0.9940504431724548,441,348,0.9940181970596313,416,349,0.994997501373291
414,0,447,279,0.9907938838005066,406,281,0.994554877281189,442,348,0.993618369102478,416,349,0.9951109290122986
414,1,129,469,0.4972907602787018,267,461,0.5207574963569641,174,462,0.04007261246442795,270,460,0.04242582991719246
415,0,447,278,0.9917570948600769,407,279,0.9949252605438232,442,347,0.9947136044502258,417,348,0.9958498477935791
416,0,448,277,0.9911220073699951,407,279,0.9941878318786621,442,347,0.9944865107536316,417,348,0.9955331087112427
417,0,448,277,0.9910404086112976,407,278,0.9937949180603027,441,346,0.9950962662696838,416,347,0.9959062337875366
418,0,448,278,0.9905796647071838,407,279,0.9941918253898621,442,347,0.995018482208252,416,347,0.996099591255188
419,0,448,278,0.9942576885223389,407,279,0.9936512112617493,442,347,0.9959110021591187,416,348,0.9957367181777954
420,0,448,278,0.9930036664009094,407,280,0.9951776266098022,442,349,0.9953355193138123,416,350,0.9961450099945068
421,0,448,278,0.9924397468566895,407,280,0.9951117634773254,442,350,0.9947097301483154,416,351,0.9957711100578308
422,0,448,278,0.9925872683525085,406,280,0.9938908815383911,442,351,0.9939736723899841,416,352,0.9945480227470398
423,0,447,278,0.9925503730773926,405,281,0.9948009252548218,442,351,0.9941950440406799,415,352,0.995184600353241
424,0,447,278,0.9922103881835938,405,281,0.9949283599853516,442,352,0.9938848614692688,415,353,0.9951124787330627
425,0,446,279,0.9917801022529602,403,283,0.9944333434104919,441,353,0.9926188588142395,414,354,0.9939925074577332
426,0,446,280,0.9928103685379028,403,282,0.9926885962486267,440,353,0.992605447769165,412,355,0.9923312664031982
427,0,444,280,0.9925429821014404,400,282,0.993780791759491,439,354,0.9926121830940247,411,355,0.9933648109436035
428,0,443,279,0.9922550916671753,399,281,0.9938229322433472,438,355,0.9920986890792847,410,356,0.9930664300918579
429,0,442,278,0.9926968216896057,398,280,0.9941539168357849,438,355,0.9933041930198669,409,356,0.9941347241401672
430,0,441,277,0.9927026033401489,396,280,0.9943711161613464,437,355,0.9931675791740417,409,357,0.994114339351654
431,0,441,277,0.9930932521820068,395,280,0.9942063093185425,437,355,0.9932447075843811,408,357,0.9939361214637756
432,0,441,277,0.9927943348884583,395,280,0.9946834444999695,438,356,0.9933299422264099,408,357,0.9943988919258118
433,0,441,276,0.9903021454811096,393,279,0.995072066783905,438,357,0.9901853799819946,408,359,0.993130624294281
434,0,441,276,0.9915452599525452,392,280,0.994629442691803,438,357,0.9912678599357605,407,359,0.9931557774543762
435,0,440,275,0.9922468662261963,391,279,0.992920458316803,437,359,0.9901665449142456,406,360,0.9907315373420715
436,0,441,274,0.992733359336853,391,278,0.9930054545402527,437,359,0.9905084371566772,406,361,0.9908299446105957
437,0,441,275,0.9929384589195251,391,279,0.9926580786705017,437,360,0.9902158975601196,405,361,0.9902034997940063
438,0,441,275,0.9925981760025024,391,279,0.9926379919052124,437,361,0.9891714453697205,405,363,0.9893884062767029
439,0,441,276,0.9924631118774414,390,279,0.99265056848526,437,362,0.9888831973075867,405,363,0.9892510771751404
440,0,441,277,0.9924478530883789,390,281,0.9923829436302185,437,364,0.9882209897041321,405,366,0.988400936126709
441,0,442,279,0.9923211932182312,391,283,0.9914679527282715,437,367,0.9860345125198364,404,369,0.9855254292488098
442,0,442,280,0.9917184114456177,392,283,0.9920924305915833,437,368,0.9858464598655701,404,369,0.9864354729652405
443,0,443,280,0.9907721281051636,392,283,0.991643488407135,437,369,0.9824742674827576,405,370,0.9836406111717224
444,0,444,280,0.9907888770103455,394,284,0.9919501543045044,438,371,0.9826149940490723,406,372,0.9840354323387146
445,0,445,281,0.9915317893028259,395,283,0.9902093410491943,439,373,0.9818522930145264,407,374,0.9808655977249146
446,0,446,280,0.9917547702789307,395,283,0.9884576201438904,439,375,0.9793815612792969,407,376,0.9760380983352661
446,1,124,471,0.45727601647377014,264,471,0.41388651728630066,160,464,0.02829214744269848,258,466,0.0241103358566761
447,0,447,279,0.9928972721099854,395,282,0.9887166023254395,441,373,0.983138918876648,408,375,0.9789886474609375
447,1,124,471,0.42737552523612976,261,474,0.354768306016922,155,464,0.024420874193310738,252,467,0.019088836386799812
448,0,448,278,0.993351399898529,396,281,0.9879450798034668,442,374,0.9839004278182983,409,374,0.9786493182182312
448,1,125,471,0.4401306211948395,261,472,0.3916548192501068,157,463,0.026278169825673103,253,466,0.021782979369163513
449,0,449,277,0.9937611222267151,396,280,0.9879547357559204,444,374,0.9849880337715149,410,375,0.9794421792030334
450,0,451,275,0.9947534799575806,396,279,0.9893866777420044,445,372,0.989679217338562,410,373,0.9854965806007385
451,0,452,274,0.9945194125175476,396,278,0.9866525530815125,445,374,0.9867185950279236,409,375,0.9795811772346497
451,1,134,467,0.462173193693161,256,470,0.40775617957115173,171,458,0.03240012004971504,258,463,0.0261037927120924
452,0,454,274,0.9945192933082581,397,276,0.987307071685791,445,376,0.9868401288986206,409,376,0.9803111553192139
453,0,454,274,0.9939990043640137,397,276,0.9870510101318359,444,378,0.9838645458221436,408,378,0.9766795635223389
454,0,455,273,0.994183361530304,397,275,0.986083447933197,445,378,0.9840240478515625,408,378,0.9756954312324524
454,1,122,470,0.40987327694892883,264,470,0.3655972182750702,157,462,0.026374030858278275,257,464,0.022161483764648438
455,0,455,272,0.9943357110023499,397,274,0.9849820137023926,445,377,0.9840590953826904,408,377,0.9745334982872009
455,1,126,469,0.4102613031864166,263,470,0.37344950437545776,162,460,0.027351511642336845,259,462,0.02340315468609333
456,0,456,272,0.9937732815742493,396,274,0.9860203862190247,445,378,0.9819377660751343,407,378,0.9734289646148682
457,0,455,271,0.9937543272972107,396,273,0.9839048981666565,445,378,0.9805539846420288,407,377,0.9694615006446838
458,0,455,270,0.9933207035064697,395,273,0.9845485687255859,445,377,0.9791777729988098,407,378,0.968972384929657
459,0,455,269,0.9928709864616394,395,273,0.9844149351119995,445,378,0.9772287607192993,407,378,0.966911256313324
459,1,127,469,0.46394750475883484,258,469,0.43572938442230225,165,463,0.030314551666378975,258,465,0.026419030502438545
460,0,454,269,0.9927377104759216,394,273,0.9841890931129456,445,378,0.9766910672187805,407,379,0.9661635756492615
460,1,123,471,0.44039154052734375,260,472,0.39927101135253906,158,465,0.026141751557588577,255,468,0.0221126489341259
461,0,453,270,0.9923363327980042,393,274,0.9858608245849609,446,379,0.9764963984489441,408,380,0.9684653878211975
461,1,128,470,0.4399223327636719,258,471,0.398413747549057,165,463,0.027573784813284874,257,467,0.02321777492761612
462,0,453,269,0.9894886612892151,391,274,0.9863650798797607,445,381,0.9646481275558472,406,382,0.9603679776191711
462,1,131,470,0.39931830763816833,259,471,0.373029887676239,166,461,0.027810458093881607,257,464,0.023967299610376358
463,0,452,269,0.9892611503601074,390,273,0.9856323003768921,444,380,0.9615023732185364,405,382,0.9563222527503967
464,0,451,269,0.9885712265968323,388,274,0.9867092370986938,443,381,0.9590244293212891,404,383,0.9565916061401367
465,0,449,270,0.9883861541748047,387,274,0.9869772791862488,441,381,0.9593377709388733,402,383,0.9576990008354187
466,0,448,269,0.9888179898262024,385,274,0.9868834614753723,440,381,0.9604857563972473,400,383,0.958152174949646
467,0,447,269,0.9880980849266052,384,274,0.9866049885749817,439,382,0.9548255205154419,399,384,0.9531533122062683
468,0,446,269,0.9887597560882568,383,273,0.9867148995399475,438,382,0.9573343992233276,398,384,0.9547091126441956
469,0,446,268,0.9887374639511108,383,273,0.9859573841094971,438,382,0.9543883800506592,399,384,0.9503904581069946
470,0,446,268,0.9894201755523682,382,273,0.9859104156494141,438,382,0.9571399688720703,398,384,0.9519770741462708
471,0,445,268,0.9893942475318909,382,273,0.9865878224372864,438,382,0.9571430087089539,398,384,0.9530764222145081
472,0,445,269,0.989707350730896,382,273,0.9867250919342041,438,383,0.9579951763153076,398,384,0.9536332488059998
473,0,444,270,0.989657461643219,381,273,0.9870022535324097,438,383,0.9565151333808899,398,385,0.9525511264801025
474,0,444,269,0.9882816672325134,381,273,0.9890270233154297,438,384,0.953620195388794,398,385,0.9558744430541992
475,0,444,269,0.9869745969772339,380,273,0.9904657602310181,439,383,0.9503269195556641,398,385,0.9578791856765747
476,0,444,269,0.9862371683120728,380,271,0.9913401007652283,439,382,0.9493844509124756,399,384,0.9600164294242859
477,0,445,269,0.9859485626220703,381,272,0.9908707737922668,440,383,0.9443126916885376,400,384,0.9552270174026489
478,0,445,268,0.9865921139717102,381,271,0.9910864233970642,440,381,0.950598955154419,400,383,0.9600703716278076
479,0,445,268,0.9858206510543823,381,272,0.9909462928771973,440,382,0.9450833201408386,400,385,0.9563905596733093
480,0,447,268,0.9855502843856812,382,273,0.9907026290893555,441,383,0.9406687021255493,400,385,0.9527921676635742
481,0,447,268,0.9854282736778259,383,273,0.9907062649726868,441,382,0.942663311958313,401,384,0.9546729326248169
482,0,447,267,0.9860678315162659,383,273,0.9905425906181335,441,382,0.9463073015213013,401,384,0.9562851786613464
482,1,125,474,0.3812045454978943,268,467,0.4374939501285553,171,462,0.028863275423645973,270,461,0.03199193254113197
483,0,447,268,0.9860237836837769,383,274,0.9906532764434814,441,383,0.9458988904953003,401,385,0.9562583565711975
483,1,125,474,0.38394832611083984,266,468,0.433987557888031,168,464,0.0282751377671957,267,463,0.030525779351592064
484,0,447,268,0.9860690832138062,383,273,0.9907984733581543,441,383,0.9469000101089478,400,385,0.9574238657951355
485,0,447,269,0.9857500791549683,383,273,0.990699827671051,440,383,0.9446073174476624,400,386,0.9557859301567078
486,0,447,269,0.9863668084144592,382,274,0.990481972694397,440,383,0.9463360905647278,399,386,0.9557099938392639
487,0,447,269,0.9863972067832947,382,274,0.9902365803718567,439,384,0.9446883797645569,399,386,0.9537184238433838
487,1,129,476,0.35470348596572876,273,463,0.45576024055480957,180,460,0.029150843620300293,279,455,0.03799496591091156
488,0,447,269,0.9869163036346436,382,273,0.990633487701416,439,383,0.9504069089889526,398,385,0.9586986899375916
488,1,131,476,0.3572492301464081,274,461,0.47040119767189026,183,459,0.02974967285990715,281,453,0.0406680554151535
489,0,446,269,0.9870315194129944,382,273,0.9907322525978088,439,382,0.9518980383872986,398,384,0.9600649476051331
489,1,128,474,0.3657253682613373,271,464,0.4513631761074066,178,459,0.030178405344486237,277,456,0.037091780453920364
490,0,446,269,0.9867401123046875,382,273,0.9909237027168274,439,383,0.9505502581596375,399,385,0.9597331285476685
490,1,128,476,0.34937846660614014,272,463,0.4456438720226288,179,460,0.02860778197646141,278,456,0.03654706850647926
491,0,446,269,0.9869245290756226,382,273,0.990730345249176,438,383,0.9509061574935913,398,385,0.9593273997306824
491,1,126,475,0.363313764333725,270,465,0.44706737995147705,175,460,0.02874198742210865,276,457,0.0347277857363224
492,0,445,269,0.9867811799049377,382,273,0.9905934929847717,437,383,0.9491498470306396,397,385,0.9577814340591431
492,1,125,476,0.3654898703098297,271,466,0.4529854953289032,173,462,0.02820894494652748,274,459,0.034620560705661774
493,0,446,269,0.9868632555007935,382,273,0.9905288815498352,437,383,0.9488480091094971,397,385,0.9572746157646179
493,1,124,476,0.3806246519088745,270,466,0.4595199227333069,172,462,0.028752462938427925,274,460,0.03415803611278534
494,0,445,269,0.9874756932258606,381,273,0.9903805255889893,436,383,0.9511016607284546,396,385,0.9579693675041199
495,0,445,268,0.9883700609207153,381,273,0.9903297424316406,437,383,0.9565479755401611,396,385,0.9612837433815002
495,1,122,476,0.37390127778053284,269,468,0.4338444471359253,166,464,0.02667255513370037,268,462,0.030153561383485794
496,0,444,268,0.9891007542610168,381,272,0.989286482334137,435,383,0.9582823514938354,395,384,0.9598444104194641
496,1,123,476,0.38114285469055176,269,467,0.4583450257778168,167,465,0.027925971895456314,269,462,0.033076412975788116
497,0,444,269,0.989738404750824,380,273,0.9878254532814026,435,384,0.9569806456565857,395,386,0.9548273682594299
497,1,126,477,0.3607221245765686,271,466,0.45267030596733093,172,463,0.027152713388204575,273,459,0.034210868179798126
498,0,443,269,0.9904430508613586,380,273,0.9867802262306213,434,385,0.9577067494392395,394,387,0.9523307085037231
499,0,442,270,0.9920931458473206,380,273,0.9852251410484314,434,386,0.9647451043128967,394,387,0.9543508887290955
499,1,128,478,0.36180517077445984,275,464,0.4687094986438751,176,465,0.027187082916498184,276,459,0.03693568706512451
500,0,442,269,0.9931766986846924,381,271,0.9822073578834534,432,385,0.9671245217323303,393,385,0.9502087235450745
500,1,128,477,0.3636040687561035,272,464,0.4694368243217468,175,464,0.028627226129174232,274,460,0.03750411793589592
501,0,441,268,0.9941186904907227,382,269,0.9759035110473633,430,386,0.9683941602706909,393,386,0.9406927824020386
501,1,140,478,0.3442314565181732,276,458,0.4882616102695465,189,466,0.026745714247226715,280,457,0.041963350027799606
502,0,441,268,0.9941586256027222,384,268,0.9699966907501221,428,386,0.9687753319740295,392,385,0.9351425170898438
502,1,143,478,0.3328534662723541,277,458,0.4754605293273926,190,467,0.024956654757261276,279,457,0.03968224301934242
503,0,440,266,0.9937782287597656,386,267,0.9617432355880737,428,386,0.9676785469055176,394,385,0.9269886612892151
503,1,138,478,0.2869642674922943,280,462,0.40199363231658936,176,469,0.019928133115172386,271,461,0.02998502179980278
504,0,440,266,0.9937304258346558,389,266,0.949081301689148,427,387,0.9673900008201599,395,386,0.9158129096031189
504,1,145,478,0.317564994096756,278,458,0.4517423212528229,186,469,0.022961938753724098,275,459,0.036390673369169235
505,0,439,266,0.9939561486244202,393,265,0.9432089328765869,426,387,0.9688560962677002,397,384,0.9141564965248108
505,1,143,478,0.3010534644126892,282,459,0.4190656542778015,182,468,0.02156561240553856,274,459,0.03310958668589592
506,0,438,267,0.9941620230674744,396,266,0.9363011717796326,427,388,0.9669386744499207,399,385,0.902224600315094
506,1,147,477,0.3067275285720825,281,456,0.4323103427886963,192,464,0.02363809011876583,281,454,0.036847569048404694
507,0,437,268,0.9941383600234985,399,266,0.9302422404289246,426,391,0.9635547995567322,401,388,0.8889109492301941
507,1,146,478,0.29195547103881836,280,458,0.41555699706077576,187,466,0.022019989788532257,276,457,0.034174807369709015
508,0,437,266,0.9937441945075989,402,264,0.9298954010009766,428,388,0.9671080112457275,404,385,0.9016339182853699
508,1,145,478,0.28970691561698914,281,459,0.4008254110813141,185,466,0.021840054541826248,276,457,0.03295871615409851
509,0,436,265,0.9908678531646729,407,262,0.911636471748352,432,388,0.9649447202682495,411,385,0.9025529026985168
509,1,147,478,0.31170669198036194,280,458,0.4024604558944702,190,465,0.02344512939453125,278,455,0.03395441174507141
510,0,435,264,0.9906619191169739,411,262,0.8915714621543884,432,387,0.9636925458908081,415,385,0.8886716365814209
510,1,147,478,0.32912519574165344,279,457,0.41788771748542786,190,467,0.024488890543580055,278,457,0.035177458077669144
511,0,432,264,0.9922806024551392,415,262,0.8610343933105469,427,390,0.9619919061660767,414,387,0.8558748364448547
511,1,147,477,0.33859652280807495,279,456,0.4374035894870758,189,468,0.02574908547103405,276,457,0.03774604946374893
512,0,430,264,0.9942008256912231,421,261,0.8549626469612122,426,388,0.9631399512290955,418,385,0.8376303911209106
513,0,430,264,0.9946874380111694,426,259,0.8188171982765198,425,386,0.9580287337303162,421,383,0.7907203435897827
513,1,149,477,0.36243149638175964,278,455,0.44449111819267273,195,466,0.027398385107517242,281,455,0.038989488035440445
514,0,429,264,0.9947531223297119,429,258,0.816171407699585,423,388,0.956572413444519,421,384,0.781618595123291
514,1,146,477,0.34714484214782715,279,457,0.43603917956352234,190,468,0.026249447837471962,279,458,0.0373791828751564
515,0,428,264,0.9953891038894653,432,258,0.8196313381195068,423,386,0.959227979183197,424,383,0.7830408811569214
515,1,148,477,0.3386542797088623,280,456,0.4256581962108612,195,466,0.025544149801135063,282,456,0.03677228465676308
516,0,428,265,0.9952864050865173,434,259,0.8139823079109192,423,386,0.9597766399383545,426,382,0.7842729091644287
517,0,428,265,0.9950996041297913,435,259,0.8027771711349487,422,387,0.9595460891723633,426,384,0.7798395752906799
517,1,148,476,0.3547523617744446,279,454,0.43144723773002625,195,466,0.027929402887821198,282,455,0.039300765842199326
518,0,428,264,0.995236337184906,438,259,0.8037480115890503,423,386,0.9632493257522583,429,383,0.7945897579193115
518,1,150,476,0.37007585167884827,279,453,0.44795989990234375,201,466,0.02879837527871132,286,454,0.040877655148506165
519,0,428,264,0.9952958226203918,439,259,0.8064742684364319,423,386,0.963745653629303,430,383,0.7968192100524902
519,1,148,475,0.3626863658428192,278,453,0.46396109461784363,199,464,0.030483487993478775,286,453,0.04462238773703575
520,0,428,263,0.993884265422821,437,259,0.8141823410987854,424,383,0.9624786972999573,429,380,0.8150907158851624
520,1,148,475,0.3736077547073364,277,453,0.4763728082180023,198,464,0.03172669559717178,285,453,0.046431947499513626
521,0,428,263,0.9943786263465881,438,259,0.827691912651062,424,382,0.9644231796264648,430,380,0.8239609599113464
521,1,149,475,0.3553118407726288,278,452,0.45440781116485596,200,463,0.030136846005916595,286,452,0.044020675122737885
522,0,428,263,0.9944410920143127,440,258,0.8276530504226685,424,380,0.9656728506088257,431,377,0.8289006352424622
523,0,429,264,0.9939306974411011,439,259,0.822081446647644,424,383,0.961310088634491,430,380,0.8145043253898621
523,1,145,475,0.343114972114563,278,455,0.4361504018306732,193,463,0.028566531836986542,282,453,0.040673840790987015
524,0,429,265,0.993821382522583,438,259,0.8299309015274048,424,382,0.9651933312416077,429,378,0.8357201814651489
524,1,146,476,0.3561159074306488,279,455,0.44042959809303284,195,463,0.02801179140806198,283,453,0.03972744196653366
525,0,429,264,0.9939553141593933,438,259,0.8317623734474182,425,380,0.9668760895729065,430,377,0.8420339226722717
525,1,142,476,0.3535148501396179,278,457,0.4227795898914337,188,465,0.028352735564112663,279,455,0.038318246603012085
526,0,429,265,0.9938773512840271,438,259,0.8295442461967468,424,379,0.966163694858551,430,376,0.8389139771461487
527,0,428,265,0.9932316541671753,439,260,0.8281740546226501,424,383,0.958774983882904,430,380,0.8161790370941162
528,0,429,265,0.9930691719055176,438,259,0.8180745244026184,424,383,0.9547219276428223,429,380,0.7972520589828491
528,1,149,476,0.3325406610965729,278,455,0.4294552505016327,198,464,0.025880970060825348,284,454,0.03802888095378876
529,0,428,265,0.9940159320831299,438,259,0.8373573422431946,424,381,0.958517849445343,429,378,0.810671865940094
529,1,149,477,0.33267414569854736,279,455,0.42769500613212585,197,466,0.0251872930675745,283,456,0.0369434729218483
530,0,429,266,0.9951752424240112,435,259,0.8387205004692078,424,383,0.9615672826766968,427,380,0.8071091175079346
530,1,147,477,0.34523865580558777,279,455,0.435916006565094,195,465,0.026634205132722855,283,454,0.03844282776117325
531,0,429,264,0.9954022169113159,434,259,0.8394121527671814,424,381,0.966417133808136,426,378,0.824738621711731
531,1,147,476,0.3509729206562042,278,453,0.44417908787727356,196,463,0.02792838215827942,284,453,0.040384966880083084
532,0,428,263,0.9945425987243652,434,259,0.8261366486549377,424,378,0.966962993144989,428,375,0.8325905799865723
532,1,145,476,0.3579264283180237,279,454,0.4317670166492462,192,464,0.027401816099882126,282,454,0.03808020055294037
533,0,427,264,0.995046854019165,432,260,0.8365878462791443,424,380,0.9644637703895569,427,377,0.8197655081748962
533,1,144,477,0.33094295859336853,278,457,0.43180832266807556,190,464,0.026298869401216507,280,455,0.038263726979494095
534,0,427,265,0.9949725866317749,431,262,0.8483415246009827,422,380,0.9680763483047485,427,378,0.8420506715774536
534,1,145,477,0.32410529255867004,281,457,0.41302016377449036,188,467,0.02379578724503517,279,457,0.03429274633526802
535,0,424,266,0.9951297044754028,435,263,0.8460777401924133,420,378,0.9694662094116211,430,376,0.8452914357185364
535,1,146,476,0.33595752716064453,280,456,0.4258040189743042,194,464,0.02572754956781864,284,454,0.03687853366136551
536,0,420,266,0.9940075874328613,444,262,0.8283301591873169,419,378,0.9707528948783875,437,375,0.8567885756492615
536,1,146,475,0.35139697790145874,279,453,0.43177688121795654,198,462,0.028657976537942886,288,451,0.04013446718454361
537,0,414,267,0.9899601936340332,450,262,0.8512228727340698,417,378,0.9742980599403381,441,375,0.9068307280540466
538,0,411,268,0.9869813323020935,450,263,0.827901303768158,417,381,0.9737288951873779,444,377,0.9091855883598328
539,0,410,270,0.9866214990615845,451,262,0.7881385684013367,418,379,0.9699773788452148,447,375,0.8868961334228516
540,0,403,271,0.9736821055412292,449,264,0.8583657741546631,418,380,0.9645466208457947,449,377,0.9241245985031128
541,0,401,271,0.9810716509819031,453,264,0.8937221169471741,416,382,0.9710525274276733,449,378,0.9379152655601501
541,1,141,476,0.3636561632156372,280,457,0.4533063471317291,191,467,0.02925739996135235,286,457,0.040886010974645615
542,0,397,270,0.9805482625961304,452,265,0.9026758074760437,414,382,0.9676268696784973,448,379,0.9343537092208862
542,1,145,477,0.3459826409816742,282,456,0.44404008984565735,192,468,0.02769131027162075,285,457,0.04038609564304352
543,0,393,269,0.9810993075370789,452,265,0.9282472133636475,410,379,0.9749437570571899,447,377,0.9556577801704407
543,1,144,476,0.3621685206890106,283,455,0.47515639662742615,194,471,0.029398413375020027,287,461,0.04405568540096283
544,0,387,271,0.9796849489212036,451,265,0.9461537003517151,406,376,0.9748890399932861,446,373,0.9633857011795044
544,1,143,477,0.3908742666244507,284,457,0.4856782853603363,192,471,0.03010433167219162,288,461,0.04329244792461395
545,0,383,271,0.9880499243736267,451,267,0.9420608282089233,401,379,0.9765788316726685,444,377,0.9534252285957336
545,1,139,478,0.4010234773159027,283,459,0.4968736171722412,189,472,0.031365908682346344,286,463,0.04452529922127724
546,0,381,270,0.9844642281532288,449,267,0.9461554884910583,401,379,0.9668749570846558,444,377,0.9445639252662659
546,1,139,477,0.38173770904541016,285,460,0.48405760526657104,183,475,0.031041936948895454,281,467,0.0442952997982502
547,0,380,269,0.9816015958786011,448,267,0.950844407081604,400,377,0.9645479321479797,443,376,0.9478869438171387
547,1,138,478,0.41243764758110046,284,460,0.5123201608657837,185,476,0.034864187240600586,283,468,0.04908169433474541
548,0,379,267,0.9797284007072449,447,265,0.9536086320877075,400,376,0.9604955315589905,441,375,0.9466465711593628
548,1,141,478,0.4001038670539856,285,459,0.4996073246002197,189,473,0.033560171723365784,286,465,0.048120930790901184
549,0,380,266,0.9801011085510254,446,265,0.9528241157531738,399,374,0.9674399495124817,440,374,0.9552218317985535
549,1,141,478,0.3783557116985321,285,459,0.47202950716018677,189,474,0.03244559466838837,286,466,0.04614119604229927
550,0,379,267,0.9813538789749146,447,266,0.952195405960083,398,377,0.9634966254234314,440,376,0.947539746761322
550,1,135,478,0.37000223994255066,282,462,0.4615142345428467,179,474,0.031276948750019073,279,467,0.042992908507585526
551,0,380,267,0.978594958782196,447,267,0.9500091075897217,398,378,0.9608399271965027,439,378,0.9459622502326965
551,1,134,478,0.37653857469558716,280,461,0.46977296471595764,179,475,0.0334034264087677,277,467,0.045535553246736526
552,0,380,268,0.9787293672561646,447,267,0.9558508396148682,396,379,0.9631094336509705,437,379,0.951729416847229
552,1,131,478,0.3664737641811371,281,463,0.4537138342857361,172,477,0.031516607850790024,273,470,0.041981834918260574
553,0,382,267,0.9790363907814026,448,266,0.9541902542114258,397,377,0.9651809930801392,437,376,0.9530869126319885
553,1,135,478,0.34796854853630066,284,462,0.4308122992515564,176,476,0.029000524431467056,276,468,0.03959673270583153
554,0,382,266,0.9807872772216797,448,266,0.9568508267402649,397,376,0.9644513726234436,438,375,0.9510707855224609
554,1,135,478,0.3675857484340668,284,462,0.4495201110839844,178,477,0.0302940234541893,278,469,0.04126521572470665
555,0,384,267,0.9829394817352295,450,266,0.9595274329185486,396,377,0.9681061506271362,437,376,0.9551650285720825
555,1,135,478,0.39284294843673706,282,462,0.5004680752754211,182,474,0.03360451012849808,282,467,0.04702669382095337
556,0,383,267,0.9829148054122925,450,266,0.9603636860847473,396,378,0.9671515226364136,438,377,0.9538127779960632
556,1,131,478,0.3885238766670227,282,462,0.4929114878177643,178,474,0.033249516040086746,281,468,0.045543331652879715
557,0,385,266,0.9832916855812073,451,267,0.955781877040863,397,379,0.9641774296760559,438,379,0.945927619934082
557,1,130,477,0.3668506443500519,278,462,0.4548620581626892,176,473,0.03121037222445011,278,467,0.040605757385492325
558,0,386,264,0.9752853512763977,451,264,0.9616202712059021,398,379,0.9672063589096069,439,379,0.961707353591919
558,1,128,478,0.40813812613487244,277,464,0.48925942182540894,173,474,0.03278302773833275,276,468,0.04174842685461044
559,0,386,265,0.976108729839325,452,265,0.9559758901596069,398,379,0.9656264185905457,440,379,0.9564322233200073
559,1,129,476,0.43086177110671997,276,463,0.5257100462913513,177,474,0.03539617359638214,278,468,0.04610850661993027
560,0,386,266,0.9765999913215637,452,266,0.9592878818511963,398,379,0.9661099314689636,441,379,0.958314061164856
560,1,130,476,0.4135943055152893,276,462,0.5118536949157715,177,473,0.03545175492763519,278,467,0.04640516638755798
561,0,385,266,0.9745016694068909,451,266,0.9585769176483154,398,379,0.9629020094871521,440,379,0.9555901288986206
561,1,130,476,0.36894893646240234,276,463,0.47356632351875305,175,473,0.03239523246884346,275,467,0.04311307892203331
562,0,385,266,0.9739726185798645,451,266,0.959298312664032,397,380,0.9586448073387146,439,380,0.9513782262802124
562,1,131,476,0.391620010137558,277,462,0.49751272797584534,176,473,0.03422645479440689,276,467,0.0458749383687973
563,0,384,265,0.9723394513130188,450,266,0.963779091835022,395,378,0.9625658392906189,438,379,0.9595052599906921
563,1,130,476,0.3903123140335083,277,462,0.5009047985076904,173,474,0.03359060361981392,274,469,0.04563413932919502
564,0,382,265,0.9713041186332703,448,265,0.9675941467285156,394,379,0.9611935615539551,436,379,0.960921585559845
564,1,132,477,0.3698706328868866,279,463,0.48782673478126526,173,475,0.03210989385843277,274,469,0.044960033148527145
565,0,381,265,0.9715842604637146,448,264,0.9645463228225708,395,379,0.9597097635269165,437,380,0.9575438499450684
565,1,134,476,0.3760538697242737,281,460,0.5029750466346741,178,475,0.033437974750995636,278,468,0.048250820487737656
566,0,379,268,0.9799848794937134,447,266,0.9664167165756226,394,382,0.9508239030838013,437,381,0.9397246241569519
566,1,133,476,0.3959152102470398,279,461,0.5097854733467102,177,475,0.03562761843204498,276,469,0.04964350163936615
567,0,379,268,0.9798397421836853,445,266,0.9736321568489075,396,383,0.9475042819976807,437,382,0.9426255822181702
567,1,131,475,0.4130823612213135,277,461,0.5319766998291016,178,473,0.0383051335811615,278,467,0.052420180290937424
568,0,378,265,0.9707659482955933,445,264,0.9749248027801514,396,380,0.960689127445221,438,380,0.965321958065033
568,1,131,473,0.4406049847602844,274,460,0.5390132069587708,183,466,0.04180175065994263,281,461,0.053919706493616104
569,0,381,266,0.9787960648536682,445,266,0.9754319190979004,397,381,0.948540210723877,437,381,0.9469152688980103
569,1,132,474,0.3813076317310333,276,460,0.49246665835380554,181,469,0.0356510654091835,280,463,0.048276882618665695
570,0,379,264,0.9735972285270691,445,263,0.9809542894363403,399,381,0.9587436318397522,440,381,0.966339111328125
570,1,128,474,0.37992531061172485,274,462,0.4651804268360138,174,470,0.03419354185461998,274,465,0.04294437915086746
571,0,385,265,0.9796257615089417,445,266,0.9833431243896484,400,379,0.9403612017631531,438,380,0.9469553828239441
571,1,127,474,0.3859366476535797,273,464,0.4532986581325531,173,469,0.033590033650398254,274,465,0.04002941772341728
572,0,384,266,0.9713236093521118,448,266,0.9842236638069153,400,381,0.9405369758605957,441,382,0.9568285942077637
572,1,130,473,0.38510698080062866,272,462,0.47250455617904663,175,470,0.03468199446797371,273,465,0.04377104341983795
573,0,385,267,0.9577641487121582,449,267,0.9841894507408142,400,382,0.9200803637504578,442,382,0.951653242111206
573,1,127,472,0.42594417929649353,268,464,0.48446688055992126,170,472,0.03654172271490097,268,469,0.04139995202422142
574,0,387,268,0.9423396587371826,452,267,0.9792206287384033,402,386,0.9161155223846436,444,386,0.9504748582839966
574,1,130,472,0.4260246753692627,269,463,0.49805665016174316,174,469,0.03770313784480095,271,466,0.044564612209796906
575,0,389,266,0.9409494996070862,454,267,0.9804625511169434,403,384,0.9229248762130737,445,385,0.9559845924377441
575,1,130,472,0.42265525460243225,271,462,0.5068384408950806,173,468,0.03789251297712326,271,464,0.04675113037228584
576,0,393,265,0.9427857995033264,453,265,0.9873031973838806,404,380,0.8882137537002563,444,381,0.9455760717391968
576,1,123,472,0.4284406006336212,266,466,0.445117712020874,159,472,0.03401467949151993,259,470,0.034693703055381775
577,0,396,264,0.9397577047348022,454,266,0.9879962801933289,406,379,0.8826094269752502,444,381,0.945122241973877
577,1,121,473,0.40556180477142334,265,468,0.4279148280620575,155,474,0.031171133741736412,256,473,0.03185928240418434
578,0,399,264,0.9280783534049988,454,266,0.986512303352356,407,378,0.8572521209716797,443,380,0.9342848062515259
578,1,125,469,0.4723287522792816,261,466,0.48944148421287537,160,473,0.034072667360305786,256,473,0.03363051638007164
579,0,401,262,0.9325286149978638,451,266,0.9882273077964783,408,376,0.8694944977760315,441,378,0.9417635202407837
580,0,404,261,0.9306207299232483,450,265,0.9882331490516663,411,378,0.8581131100654602,440,380,0.9368596076965332
581,0,407,257,0.9304563403129578,447,263,0.9889203906059265,415,377,0.8788658976554871,440,380,0.9476998448371887
582,0,410,255,0.9197267889976501,445,262,0.988034188747406,420,377,0.868098258972168,439,382,0.9442861080169678
583,0,411,255,0.9145460724830627,443,263,0.9867326617240906,419,377,0.8515875935554504,436,382,0.9350804090499878
583,1,144,460,0.5091181993484497,243,470,0.48849305510520935,170,467,0.03783433511853218,241,475,0.031996820122003555
584,0,416,253,0.9054447412490845,438,260,0.9851911664009094,422,375,0.8485046625137329,433,380,0.9337190985679626
585,0,418,255,0.9095319509506226,437,261,0.9846892356872559,423,377,0.8220380544662476,433,382,0.9176362156867981
586,0,423,253,0.9109326004981995,435,261,0.9847003221511841,428,376,0.8194835186004639,433,382,0.9147955775260925
587,0,425,254,0.9047460556030273,434,262,0.9836865067481995,432,377,0.8165382742881775,436,383,0.9136854410171509
588,0,427,257,0.8998228907585144,433,263,0.9828013777732849,435,379,0.8100367188453674,438,384,0.9108815789222717
589,0,431,257,0.9071852564811707,431,263,0.9837866425514221,439,379,0.8160690665245056,438,384,0.9130755662918091
590,0,435,258,0.9111135601997375,429,263,0.9848647117614746,445,377,0.8448368310928345,441,381,0.9292508959770203
590,1,138,462,0.5245381593704224,247,469,0.4852007031440735,165,466,0.037391193211078644,243,473,0.030828462913632393
591,0,437,258,0.9065819978713989,428,262,0.9850786924362183,447,379,0.8534693717956543,440,384,0.9366436004638672
591,1,132,463,0.5107473731040955,249,470,0.43848979473114014,161,464,0.03445832431316376,245,470,0.026738490909337997
592,0,435,258,0.9016173481941223,426,262,0.9846683144569397,446,376,0.8530679941177368,440,381,0.9373517036437988
592,1,129,465,0.4826193153858185,254,469,0.4243704676628113,161,464,0.03329133987426758,249,469,0.02688891440629959
593,0,433,259,0.8994819521903992,426,264,0.9836466908454895,445,379,0.827640950679779,440,384,0.9234457612037659
593,1,130,466,0.49443507194519043,251,472,0.4212856888771057,159,467,0.031161218881607056,245,473,0.024141501635313034
594,0,434,260,0.9206114411354065,425,267,0.9859916567802429,446,378,0.8395636081695557,441,383,0.9245963096618652
594,1,135,464,0.49077460169792175,250,472,0.4296603202819824,168,464,0.03356583043932915,250,470,0.026571009308099747
595,0,433,261,0.9182063341140747,424,266,0.9852140545845032,445,377,0.8310334086418152,440,382,0.9197386503219604
596,0,433,262,0.920035719871521,424,267,0.9858341813087463,447,382,0.8344837427139282,442,387,0.9222506284713745
597,0,434,263,0.9226234555244446,423,268,0.9864002466201782,447,382,0.8512027263641357,440,386,0.9313996434211731
598,0,434,263,0.9284449815750122,423,269,0.9868218898773193,447,382,0.8444889783859253,439,387,0.9258918762207031
599,0,436,263,0.9301407337188721,421,268,0.9875233769416809,448,381,0.8658329844474792,438,386,0.9379768371582031
600,0,438,263,0.9354791641235352,419,269,0.9876309037208557,449,378,0.864696741104126,436,383,0.934736967086792
601,0,436,264,0.9356187582015991,419,269,0.9869801998138428,447,379,0.848157525062561,436,383,0.9241827130317688
602,0,437,264,0.9389312267303467,416,269,0.9878824949264526,448,377,0.8672769665718079,435,382,0.9349198937416077
603,0,441,266,0.941529393196106,413,270,0.9881255626678467,451,380,0.8692061901092529,433,384,0.9349804520606995
604,0,443,267,0.9423750638961792,411,271,0.9881383776664734,454,383,0.8713384866714478,432,387,0.9357172846794128
605,0,445,267,0.9502811431884766,409,270,0.9896418452262878,453,381,0.8827959895133972,429,385,0.9411589503288269
606,0,445,270,0.9588043689727783,408,273,0.9910455346107483,452,384,0.8841473460197449,428,388,0.940971314907074
607,0,446,271,0.9614965915679932,407,272,0.9912187457084656,451,388,0.8687899112701416,425,392,0.931087851524353
608,0,449,272,0.9637293815612793,404,273,0.9916118383407593,453,390,0.8741645216941833,424,393,0.9340822696685791
609,0,452,272,0.969369649887085,400,273,0.9929015040397644,453,390,0.8903142213821411,419,392,0.9433026313781738
610,0,454,271,0.9749524593353271,398,272,0.9934744238853455,451,387,0.9135482311248779,415,389,0.9532573223114014
611,0,455,271,0.9806613922119141,396,273,0.9932354092597961,450,385,0.9378187656402588,412,388,0.9615730047225952
612,0,456,271,0.9841996431350708,394,273,0.9927427768707275,450,384,0.9452906847000122,410,386,0.9617516994476318
613,0,455,271,0.9851318001747131,392,274,0.9915573596954346,449,386,0.9375485777854919,408,388,0.9516077637672424
614,0,455,271,0.9871857762336731,391,273,0.9916233420372009,447,385,0.9477412104606628,406,386,0.9569747447967529
615,0,454,271,0.9820437431335449,389,273,0.991932213306427,445,387,0.9285756945610046,405,387,0.9510663747787476
616,0,452,270,0.9836140871047974,387,273,0.9917716383934021,443,386,0.9353302717208862,402,388,0.9534252285957336
617,0,450,269,0.9864650964736938,385,272,0.9910882711410522,442,385,0.9475802779197693,401,386,0.957239031791687
618,0,449,270,0.9864085912704468,383,273,0.9914618730545044,441,384,0.9506462216377258,400,386,0.9609512686729431
619,0,448,270,0.9857318997383118,382,273,0.9914613962173462,440,385,0.9462652206420898,398,387,0.9585501551628113
620,0,447,270,0.9865677356719971,381,273,0.991232693195343,440,384,0.9503142237663269,398,386,0.9602111577987671
621,0,446,269,0.9859369397163391,380,273,0.9910639524459839,439,385,0.9434118866920471,398,386,0.9552306532859802
622,0,445,269,0.9861915111541748,380,273,0.9915769100189209,438,384,0.9486227035522461,397,386,0.9603170156478882
623,0,445,269,0.9876365065574646,380,273,0.9914413690567017,436,384,0.9563906788825989,396,386,0.9643241763114929
624,0,444,269,0.9865756630897522,380,273,0.9908366203308105,436,384,0.9490140080451965,395,386,0.9585071206092834
625,0,444,269,0.9878224730491638,380,273,0.9911852478981018,435,385,0.957279622554779,394,386,0.9644275307655334
626,0,445,269,0.9879496097564697,380,273,0.9905966520309448,435,385,0.9550580382347107,394,387,0.9612133502960205
627,0,445,268,0.9874894022941589,381,273,0.9902384281158447,435,386,0.951157808303833,395,387,0.9578133821487427
628,0,445,269,0.9876742959022522,380,273,0.9897692203521729,435,387,0.9487320184707642,394,388,0.9542674422264099
629,0,445,269,0.9873413443565369,380,273,0.9897594451904297,435,386,0.9466031789779663,394,388,0.9529173970222473
630,0,445,268,0.986210286617279,380,272,0.9893344044685364,436,387,0.9373090863227844,394,388,0.9457687139511108
631,0,446,268,0.9868097305297852,380,272,0.989123523235321,436,386,0.9384725093841553,395,388,0.9450506567955017
632,0,446,268,0.9866763353347778,380,272,0.9888761639595032,437,387,0.9344064593315125,395,389,0.940915584564209
633,0,447,269,0.9863011837005615,381,273,0.9897224307060242,438,387,0.9351798295974731,397,388,0.9444543719291687
634,0,448,269,0.986522376537323,381,273,0.9896962642669678,438,387,0.9361900091171265,397,388,0.9447294473648071
635,0,449,270,0.9863883852958679,382,273,0.9891477823257446,439,389,0.9308727383613586,398,390,0.9387953877449036
636,0,450,270,0.9869962930679321,383,273,0.9896343946456909,441,389,0.9371169209480286,399,390,0.9443896412849426
637,0,451,270,0.9860022068023682,383,273,0.990236222743988,441,390,0.9307544827461243,399,390,0.9424863457679749
638,0,451,270,0.9856688976287842,383,274,0.989977240562439,443,390,0.9265180230140686,401,391,0.9385008811950684
639,0,452,271,0.9851236939430237,384,275,0.9898479580879211,444,390,0.9238203763961792,401,391,0.9368700385093689
640,0,454,272,0.9843983054161072,385,275,0.989639401435852,445,392,0.9196313619613647,402,393,0.9343212246894836
641,0,454,272,0.9845222234725952,386,275,0.9889483451843262,445,393,0.9154746532440186,402,393,0.9284312129020691
642,0,455,273,0.9844365119934082,386,275,0.989036500453949,446,392,0.9145644307136536,402,393,0.9281567335128784
643,0,455,272,0.983601987361908,386,275,0.9890772104263306,445,392,0.9083849787712097,402,393,0.9247238039970398
644,0,456,272,0.9836252331733704,387,275,0.9889646768569946,446,393,0.9048919677734375,402,393,0.9212816953659058
645,0,457,271,0.9805154800415039,387,276,0.9879436492919922,446,395,0.8913424015045166,402,396,0.913482666015625
646,0,458,272,0.9808047413825989,386,276,0.9876499772071838,446,397,0.8824508786201477,401,397,0.9045512080192566
647,0,458,274,0.9817391037940979,386,277,0.9871326684951782,445,399,0.8786711096763611,400,399,0.8972379565238953
648,0,458,275,0.9820374250411987,384,278,0.9867227673530579,445,401,0.8785288333892822,400,401,0.8947696685791016
649,0,458,276,0.9822283387184143,384,279,0.9870660901069641,445,403,0.8727988004684448,399,402,0.8905333876609802
650,0,459,277,0.9813949465751648,383,279,0.9874855875968933,445,405,0.8592296838760376,398,405,0.8827366828918457
651,0,459,277,0.9812856912612915,381,280,0.9875189661979675,447,407,0.8506345748901367,398,407,0.8757551312446594
652,0,460,277,0.9812650084495544,379,280,0.9875935912132263,447,410,0.8364217281341553,397,410,0.8638824820518494
653,0,460,275,0.9829677939414978,378,279,0.9872865080833435,446,410,0.8541378378868103,394,410,0.8730101585388184
654,0,458,272,0.9869611263275146,376,275,0.987004816532135,447,410,0.8737621903419495,395,410,0.8747140169143677
655,0,459,270,0.9853482842445374,372,274,0.9888161420822144,449,415,0.8635424971580505,392,415,0.8714999556541443
656,0,460,269,0.9856443405151367,370,272,0.9884747862815857,447,418,0.8547118306159973,388,417,0.8603700399398804
657,0,461,267,0.9852696061134338,367,271,0.9894862174987793,448,419,0.8538083434104919,387,419,0.8658745884895325
658,0,461,267,0.9847097992897034,365,269,0.9900222420692444,450,427,0.8338968753814697,386,426,0.8523175120353699
659,0,463,265,0.9816097021102905,365,268,0.9893016219139099,451,431,0.8045614361763,385,431,0.8447297215461731
660,0,463,264,0.9801289439201355,362,266,0.9909626841545105,451,435,0.8247873783111572,382,433,0.867392897605896
661,0,464,262,0.988162100315094,362,264,0.9913227558135986,452,438,0.8726930022239685,382,437,0.8821442723274231
662,0,465,260,0.9874682426452637,362,262,0.991298496723175,452,440,0.8601646423339844,380,439,0.8732292056083679
663,0,467,261,0.987730085849762,361,261,0.9911551475524902,452,446,0.8564512133598328,377,443,0.8684579133987427
664,0,470,262,0.9800766110420227,359,262,0.9915825724601746,453,448,0.7883287668228149,377,445,0.8424491286277771
665,0,471,262,0.9790944457054138,358,263,0.9916262626647949,455,452,0.7688528895378113,376,449,0.831129789352417
666,0,474,263,0.9812654852867126,357,264,0.9912890195846558,456,456,0.7722983956336975,375,453,0.8221716284751892
667,0,478,266,0.9815368056297302,355,266,0.9920825958251953,460,460,0.7588522434234619,375,457,0.8172172904014587
668,0,483,267,0.9816433787345886,355,268,0.9926509261131287,462,466,0.731327474117279,375,463,0.8001343011856079
669,0,488,267,0.9819433093070984,354,268,0.99234539270401,465,468,0.6914889812469482,375,465,0.7613222599029541
670,0,492,265,0.9832674860954285,352,265,0.9918938279151917,467,467,0.657965898513794,376,463,0.7180077433586121
671,0,495,260,0.9826322793960571,352,262,0.9916287660598755,470,464,0.645475447177887,377,461,0.7069758772850037
672,0,501,256,0.9791289567947388,351,259,0.9910807013511658,474,464,0.5825838446617126,377,461,0.6628657579421997
673,0,507,254,0.9895983934402466,349,256,0.9909756779670715,476,455,0.513907253742218,380,451,0.5269950032234192
674,0,511,251,0.9885423183441162,347,253,0.9915382862091064,478,467,0.5078727006912231,378,463,0.5387718081474304
675,0,516,249,0.9875425100326538,344,251,0.9923593401908875,482,469,0.44072026014328003,378,465,0.49642467498779297
676,0,519,245,0.9893905520439148,340,248,0.9934544563293457,485,470,0.4405304789543152,378,467,0.49368995428085327
677,0,525,245,0.9899070262908936,340,248,0.9932726621627808,489,463,0.3676418960094452,380,459,0.41302844882011414
678,0,529,241,0.9907705783843994,336,247,0.9926491379737854,493,462,0.35028278827667236,381,460,0.36867591738700867
679,0,533,239,0.9910587668418884,334,245,0.9929510354995728,497,464,0.32710984349250793,383,462,0.345852255821228
680,0,536,239,0.9902302622795105,331,243,0.9930144548416138,500,464,0.26866990327835083,383,462,0.29762837290763855
681,0,540,239,0.9904053807258606,327,242,0.9937288761138916,503,469,0.2421828657388687,383,465,0.2808862626552582
682,0,545,237,0.9892807602882385,322,243,0.9935415983200073,509,471,0.19527733325958252,382,469,0.2336985021829605
683,0,544,235,0.9860769510269165,317,242,0.9934725761413574,509,467,0.14979365468025208,378,468,0.20112332701683044
684,0,547,239,0.9795385003089905,310,240,0.9932754039764404,507,474,0.11460015177726746,365,473,0.1879284530878067
685,0,548,242,0.9734110236167908,305,244,0.9918718338012695,513,476,0.06278543174266815,377,475,0.10843326151371002
686,0,547,242,0.9759899377822876,301,247,0.9931647181510925,517,478,0.05785071477293968,382,478,0.10283955186605453
687,0,555,240,0.9704678058624268,287,241,0.9927170276641846,518,478,0.056210678070783615,364,478,0.10960736125707626
688,0,547,238,0.9561318159103394,309,168,0.9605621099472046,486,459,0.07481800764799118,349,432,0.10583017021417618
689,0,270,182,0.29840680956840515,149,153,0.1442870944738388,217,365,0.10953943431377411,138,358,0.06546226143836975
689,1,549,216,0.947170078754425,307,158,0.9495100378990173,506,457,0.11261224746704102,363,436,0.15304644405841827
690,0,550,197,0.9272574782371521,299,154,0.8602668046951294,505,453,0.07741797715425491,355,432,0.06838008016347885
690,1,256,136,0.6445204019546509,142,71,0.23439858853816986,214,404,0.3184632360935211,139,388,0.1640278398990631
691,0,559,187,0.8543404936790466,300,149,0.8499761819839478,507,462,0.09787352383136749,355,441,0.11524996906518936
691,1,550,155,0.6735066771507263,254,130,0.7717945575714111,449,419,0.18924711644649506,259,406,0.20495803654193878
692,0,560,210,0.8392717242240906,268,189,0.8519740700721741,475,421,0.117610402405262,326,404,0.12430316209793091
692,1,572,197,0.8735032677650452,278,183,0.860664963722229,507,457,0.06227146461606026,354,443,0.062183935195207596
693,0,589,180,0.8544310331344604,227,179,0.8047370314598083,490,435,0.07847107946872711,292,430,0.052755918353796005
694,0,607,178,0.8380923271179199,235,204,0.8437288403511047,558,435,0.057670943439006805,364,433,0.04498712718486786
695,0,484,240,0.530759334564209,225,215,0.5509992837905884,370,434,0.046518124639987946,238,422,0.03848988562822342
696,0,658,257,0.6335293650627136,230,256,0.358431875705719,592,388,0.018375640735030174,370,374,0.007480825297534466
697,0,646,280,0.7345611453056335,251,324,0.30530551075935364,633,345,0.018282361328601837,442,357,0.005294094793498516
698,0,671,258,0.446344256401062,154,280,0.07262472808361053,605,324,0.02529555931687355,326,331,0.005957210436463356
699,0,715,279,0.6389511227607727,82,311,0.2208937555551529,612,322,0.014617613516747952,280,324,0.004223937168717384
700,0,637,186,0.03900044038891792,101,271,0.019987216219305992,539,263,0.01243946235626936,245,292,0.005581846460700035
701,0,680,211,0.04326155036687851,140,285,0.013266612775623798,560,267,0.009839244186878204,253,292,0.0032386083621531725
702,0,671,309,0.23567083477973938,103,319,0.1359906941652298,543,371,0.0034709032624959946,240,352,0.002030904870480299
703,0,747,229,0.43051573634147644,163,226,0.3395616412162781,637,407,0.010593083687126637,328,379,0.007771419361233711
704,0,765,237,0.16661500930786133,129,205,0.16613349318504333,566,377,0.0028891689144074917,219,334,0.0026581150013953447
705,0,729,250,0.06364457309246063,151,211,0.11537342518568039,510,375,0.0024607398081570864,181,327,0.003481029998511076
705,1,388,292,0.09113103896379471,84,348,0.01820402219891548,294,280,0.009347694925963879,133,291,0.003156771883368492
706,0,695,203,0.015360760502517223,214,178,0.0257103331387043,472,286,0.0037209433503448963,189,250,0.004535485524684191
706,1,366,213,0.03121870942413807,132,252,0.006176652852445841,253,254,0.005175544880330563,120,261,0.001987461233511567
707,0,685,191,0.035023052245378494,220,160,0.058235593140125275,472,308,0.004056354518979788,197,268,0.0050633628852665424
707,1,394,111,0.012118520215153694,144,144,0.010289729572832584,289,251,0.005570690613240004,127,262,0.0041747321374714375
708,0,776,155,0.030071213841438293,316,114,0.09887400269508362,583,327,0.0049552712589502335,309,277,0.010348819196224213
708,1,375,95,0.015421127900481224,142,119,0.0027846060693264008,276,204,0.009681744500994682,115,206,0.0042448570020496845
709,0,769,173,0.02445472776889801,300,145,0.1322474479675293,598,352,0.005591160152107477,316,303,0.01625913940370083
709,1,406,94,0.008946473710238934,197,98,0.004213258624076843,278,222,0.013163776136934757,133,219,0.00808864738792181
710,0,743,255,0.0755910873413086,256,291,0.31056278944015503,623,317,0.006506886333227158,341,311,0.012764126062393188
710,1,382,251,0.0634520873427391,255,291,0.027449972927570343,269,248,0.0063622985035181046,208,253,0.0034547937102615833
711,0,747,241,0.022057389840483665,250,295,0.25165873765945435,620,306,0.00233944458886981,333,290,0.010078438557684422
711,1,349,171,0.02660534158349037,208,176,0.0050605288706719875,199,152,0.013204007409512997,121,141,0.005604681558907032
712,0,357,175,0.02516315132379532,189,159,0.005020311567932367,196,167,0.02686707302927971,100,145,0.012169923633337021
712,1,710,236,0.043413180857896805,257,283,0.3726891577243805,638,348,0.003957564476877451,379,332,0.01807468757033348
713,0,358,166,0.01080623921006918,167,174,0.003361085895448923,206,159,0.013410401530563831,97,149,0.006786196026951075
713,1,797,244,0.04121366888284683,257,303,0.32880687713623047,678,315,0.005188087932765484,367,304,0.01790299452841282
714,0,358,201,0.010215218178927898,147,215,0.0031577132176607847,198,151,0.01323703397065401,83,145,0.006630642805248499
714,1,774,279,0.056413888931274414,267,298,0.32017454504966736,655,330,0.006187096703797579,362,301,0.021291058510541916
715,0,316,160,0.019588518887758255,203,159,0.007525218650698662,171,129,0.017397815361618996,110,123,0.00873322319239378
715,1,805,284,0.07665092498064041,312,303,0.4874145984649658,680,341,0.012051866389811039,399,314,0.04368147999048233
716,0,329,190,0.01302175223827362,135,188,0.0033020111732184887,200,140,0.03083338961005211,92,131,0.0147171039134264
716,1,751,277,0.07245780527591705,248,301,0.2651345133781433,658,318,0.011087280698120594,368,295,0.028785478323698044
