frame_id,tiempo_ms,persona_id,lado,x_hombro,y_hombro,conf_hombro,x_cadera,y_cadera,conf_cadera
0,531.06,0,Der,256.29,175.36,0.99,262.04,212.76,0.99
0,531.06,1,Der,212.96,166.32,0.99,217.10,205.48,0.99
0,531.06,2,Izq,348.67,184.34,0.99,344.56,213.32,0.99
0,531.06,3,Izq,315.14,181.22,0.98,311.52,215.11,0.99
1,137.93,0,Der,257.16,174.75,0.99,262.80,212.40,0.99
1,137.93,1,Der,213.57,165.94,0.99,217.69,204.82,0.99
1,137.93,2,Izq,348.82,184.20,0.99,344.63,213.53,0.99
1,137.93,3,Izq,315.96,181.21,0.99,312.03,215.28,0.99
2,139.32,0,Der,258.58,174.59,0.99,263.75,211.93,0.99
2,139.32,1,Der,214.79,166.99,0.99,219.06,206.93,0.99
2,139.32,2,Izq,349.14,184.10,0.99,345.13,213.83,0.99
2,139.32,3,Izq,316.87,181.53,0.99,312.65,215.87,0.99
3,138.25,0,Der,259.48,174.55,0.99,264.50,212.05,0.99
3,138.25,1,Der,215.53,166.27,0.99,219.38,205.91,0.99
3,138.25,2,Izq,350.44,184.70,0.99,347.41,213.87,0.99
3,138.25,3,Izq,318.13,180.62,0.99,314.36,215.08,0.99
4,134.51,0,Der,260.16,175.00,0.99,265.24,212.61,0.99
4,134.51,1,Der,216.04,165.65,0.99,219.95,205.41,0.99
4,134.51,2,Izq,350.59,183.70,0.99,346.94,213.32,0.99
4,134.51,3,Izq,318.44,179.99,0.99,314.99,214.63,0.99
5,133.61,0,Der,216.88,165.94,0.99,220.68,205.32,0.99
5,133.61,1,Der,260.65,174.93,0.99,265.86,212.27,0.99
5,133.61,2,Izq,350.13,183.88,0.99,347.28,213.43,0.99
5,133.61,3,Izq,319.57,181.07,0.99,316.10,215.95,0.99
6,128.14,0,Der,261.01,174.51,0.99,266.08,211.78,0.99
6,128.14,1,Der,216.62,165.78,0.99,221.00,205.59,0.99
6,128.14,2,Izq,350.26,184.12,0.99,347.24,214.08,0.99
6,128.14,3,Izq,320.32,181.17,0.99,316.66,215.92,0.99
7,121.29,0,Der,261.68,174.36,0.99,267.10,211.23,0.99
7,121.29,1,Der,218.16,165.92,1.00,221.97,205.92,0.99
7,121.29,2,Izq,350.07,183.90,0.99,347.97,213.71,0.99
7,121.29,3,Der,301.46,182.97,0.98,305.00,216.39,0.98
8,114.33,0,Der,261.85,174.49,0.99,267.17,211.63,0.99
8,114.33,1,Der,218.19,165.88,1.00,222.31,205.48,0.99
8,114.33,2,Izq,350.39,184.45,0.99,347.89,214.30,0.99
8,114.33,3,Izq,321.28,180.75,0.99,317.75,215.69,0.99
9,134.75,0,Der,261.82,174.12,0.99,267.23,211.27,0.99
9,134.75,1,Der,218.06,165.13,0.99,222.22,204.71,1.00
9,134.75,2,Izq,349.89,184.04,0.99,347.69,213.88,0.99
9,134.75,3,Izq,321.53,180.46,0.99,317.70,215.53,0.99
10,132.16,0,Der,262.09,173.94,0.99,267.54,210.74,0.99
10,132.16,1,Der,218.55,164.73,0.99,222.65,204.48,0.99
10,132.16,2,Izq,349.72,183.23,0.99,348.19,212.98,0.99
10,132.16,3,Der,301.91,181.77,0.99,305.24,215.75,0.99
11,128.44,0,Izq,285.65,172.63,0.99,282.70,209.85,0.99
11,128.44,1,Der,217.60,164.64,0.99,222.14,203.83,0.99
11,128.44,2,Izq,350.20,183.44,0.99,348.23,213.10,0.99
11,128.44,3,Der,301.89,181.99,0.99,305.17,215.89,0.99
12,118.67,0,Der,219.20,164.98,0.99,223.82,204.89,0.99
12,118.67,1,Der,263.40,173.71,0.99,268.43,209.05,0.99
12,118.67,2,Izq,322.07,179.99,0.99,318.25,215.11,0.99
12,118.67,3,Izq,350.25,183.50,0.99,348.21,213.36,0.99
13,124.55,0,Izq,286.32,171.78,0.99,283.58,209.37,0.99
13,124.55,1,Der,219.22,164.29,0.99,224.13,204.63,1.00
13,124.55,2,Izq,350.09,183.33,0.99,348.43,214.10,0.99
13,124.55,3,Der,302.40,181.41,0.99,306.00,215.02,0.99
14,128.08,0,Der,264.09,173.12,0.99,269.28,208.41,0.99
14,128.08,1,Der,219.22,163.91,0.99,223.75,204.23,0.99
14,128.08,2,Izq,350.25,183.54,0.99,348.86,214.52,0.99
14,128.08,3,Izq,321.53,180.48,0.99,319.34,215.05,0.99
15,118.74,0,Der,263.71,172.50,0.99,269.46,207.60,0.99
15,118.74,1,Der,219.60,163.68,0.99,224.35,204.06,0.99
15,118.74,2,Izq,350.89,183.89,0.99,349.51,215.07,0.99
15,118.74,3,Izq,321.25,180.42,0.99,319.28,214.68,0.98
16,135.37,0,Der,264.37,172.45,0.99,269.91,207.58,0.99
16,135.37,1,Der,220.28,163.22,0.99,224.89,203.14,0.99
16,135.37,2,Izq,351.20,183.41,0.99,349.69,214.38,0.99
16,135.37,3,Der,302.20,180.28,0.99,306.88,214.45,0.99
17,114.40,0,Der,264.63,172.22,0.99,270.32,207.59,0.99
17,114.40,1,Der,220.71,163.44,0.99,225.27,203.39,1.00
17,114.40,2,Izq,351.47,182.93,0.99,350.01,214.07,0.99
17,114.40,3,Der,302.35,180.34,0.99,307.11,214.50,0.99
18,132.29,0,Der,264.89,172.00,0.99,270.39,207.57,0.99
18,132.29,1,Der,221.36,163.55,0.99,225.95,203.56,0.99
18,132.29,2,Izq,351.83,182.67,0.99,350.41,213.53,0.99
18,132.29,3,Der,302.21,181.09,0.99,307.56,215.00,0.99
19,132.88,0,Der,265.00,172.48,0.99,270.96,208.11,0.99
19,132.88,1,Der,221.64,162.80,0.99,226.61,203.43,1.00
19,132.88,2,Der,302.63,181.00,0.99,308.02,214.91,0.99
19,132.88,3,Izq,353.41,182.28,0.99,351.77,213.65,0.99
20,117.11,0,Der,265.35,172.37,0.99,271.14,208.36,0.99
20,117.11,1,Der,222.18,163.28,0.99,226.94,203.24,1.00
20,117.11,2,Der,302.66,181.11,0.99,308.18,215.26,0.99
20,117.11,3,Izq,353.43,181.72,0.99,351.93,213.42,0.99
21,130.43,0,Der,265.54,172.32,0.99,271.80,208.40,0.99
21,130.43,1,Der,222.42,163.04,0.99,227.21,202.76,1.00
21,130.43,2,Der,302.51,180.61,0.99,308.12,214.19,0.99
21,130.43,3,Izq,353.65,182.34,0.99,352.13,214.02,0.99
22,119.83,0,Der,265.87,172.41,0.99,272.44,208.44,0.99
22,119.83,1,Der,222.77,163.30,0.99,227.53,203.35,0.99
22,119.83,2,Der,303.09,179.83,0.99,308.55,213.45,0.99
22,119.83,3,Izq,353.27,182.20,0.99,351.59,213.36,0.99
23,130.10,0,Der,265.96,173.02,0.99,272.16,209.74,1.00
23,130.10,1,Der,222.63,163.29,0.99,227.33,203.18,0.99
23,130.10,2,Der,303.14,180.77,0.99,308.89,214.04,0.99
23,130.10,3,Izq,353.58,182.02,0.99,351.87,213.26,0.99
24,158.99,0,Der,266.32,172.80,0.99,272.14,209.75,1.00
24,158.99,1,Der,223.30,163.33,0.99,227.77,203.41,0.99
24,158.99,2,Der,302.99,179.93,0.99,308.65,213.04,0.99
24,158.99,3,Izq,354.15,181.95,0.99,352.82,213.65,0.99
25,129.66,0,Der,266.78,172.83,1.00,272.63,209.75,1.00
25,129.66,1,Der,223.69,162.73,0.99,228.23,203.01,0.99
25,129.66,2,Izq,354.11,181.41,0.99,352.81,212.87,0.99
25,129.66,3,Der,303.41,180.64,0.99,309.43,213.99,0.99
26,129.13,0,Der,267.63,172.88,1.00,273.80,209.14,1.00
26,129.13,1,Der,223.98,162.79,0.99,228.65,203.08,0.99
26,129.13,2,Izq,354.79,181.66,0.99,353.35,212.91,0.99
26,129.13,3,Der,304.56,180.46,0.99,310.20,212.60,0.99
27,132.64,0,Der,224.93,162.98,0.99,229.22,202.94,0.99
27,132.64,1,Der,268.17,173.18,1.00,274.28,209.52,1.00
27,132.64,2,Izq,355.41,181.64,0.99,353.78,213.20,0.99
27,132.64,3,Der,304.91,180.56,0.99,310.12,213.04,0.99
28,111.23,0,Der,268.64,172.69,0.99,274.84,208.88,1.00
28,111.23,1,Der,225.62,163.01,0.99,229.85,202.88,0.99
28,111.23,2,Izq,355.68,181.46,0.99,354.06,212.70,0.99
28,111.23,3,Der,304.74,179.95,0.99,309.60,212.93,0.99
29,132.18,0,Der,226.02,162.63,0.99,230.29,202.28,0.99
29,132.18,1,Der,269.22,172.45,0.99,275.08,208.76,0.99
29,132.18,2,Izq,356.25,180.60,0.99,354.50,212.24,0.99
29,132.18,3,Der,306.66,179.38,0.99,311.02,211.71,0.99
30,129.10,0,Der,226.46,162.78,0.99,230.91,202.37,0.99
30,129.10,1,Der,269.57,172.31,0.99,275.70,209.04,0.99
30,129.10,2,Izq,356.69,181.08,0.99,354.71,212.49,0.99
30,129.10,3,Der,307.44,179.83,0.99,311.97,212.10,0.99
31,130.61,0,Der,226.91,162.73,0.99,231.09,202.57,0.99
31,130.61,1,Izq,291.78,170.72,0.99,289.76,208.40,0.99
31,130.61,2,Izq,357.09,181.04,0.99,355.26,212.36,0.99
31,130.61,3,Der,308.09,180.30,0.99,312.16,212.08,0.99
32,130.20,0,Der,226.93,162.51,0.99,231.35,202.55,0.99
32,130.20,1,Izq,291.83,170.18,0.99,289.60,207.97,0.99
32,130.20,2,Izq,357.20,180.68,0.99,355.59,212.39,0.99
32,130.20,3,Der,308.02,180.12,0.99,312.23,212.36,0.99
33,122.77,0,Der,227.20,162.39,0.99,231.34,201.98,0.99
33,122.77,1,Izq,292.04,169.99,0.99,289.83,207.80,0.99
33,122.77,2,Izq,357.31,180.43,0.99,355.59,212.06,0.99
33,122.77,3,Der,308.08,180.09,0.99,312.09,212.19,0.99
34,113.19,0,Der,227.16,161.67,0.99,231.44,201.70,0.99
34,113.19,1,Izq,292.49,169.72,0.99,290.20,207.62,0.99
34,113.19,2,Izq,357.37,179.08,0.99,355.98,211.43,0.99
34,113.19,3,Der,308.48,180.23,0.99,311.93,212.17,0.99
35,118.89,0,Izq,292.83,169.18,0.99,290.82,207.27,0.99
35,118.89,1,Der,227.20,161.54,0.99,231.80,201.54,0.99
35,118.89,2,Izq,357.65,179.37,0.99,355.56,210.84,0.99
35,118.89,3,Der,309.35,180.59,0.98,313.04,212.43,0.99
36,113.58,0,Izq,292.79,169.34,0.99,290.51,207.35,0.99
36,113.58,1,Der,227.60,161.02,0.99,232.00,201.41,0.99
36,113.58,2,Izq,357.60,178.44,0.99,356.05,210.81,0.99
36,113.58,3,Der,308.19,179.36,0.99,312.36,211.35,0.99
37,133.53,0,Izq,292.71,169.00,0.99,290.56,207.11,0.99
37,133.53,1,Der,227.96,161.26,0.99,232.64,201.26,0.99
37,133.53,2,Izq,357.84,179.28,0.99,356.09,210.53,0.99
37,133.53,3,Der,309.49,180.55,0.98,313.50,211.94,0.99
38,120.54,0,Izq,292.83,168.97,0.99,290.71,206.93,0.99
38,120.54,1,Der,228.44,160.95,0.99,232.62,201.15,0.99
38,120.54,2,Izq,357.89,178.99,0.99,356.19,210.53,0.99
38,120.54,3,Der,308.71,179.55,0.99,312.28,210.77,0.99
39,110.83,0,Der,229.04,160.63,0.99,233.33,200.69,0.99
39,110.83,1,Izq,292.96,169.02,0.99,290.93,207.06,0.99
39,110.83,2,Izq,358.07,178.42,0.99,356.68,210.79,0.99
39,110.83,3,Der,309.44,180.91,0.98,313.74,212.18,0.99
40,102.71,0,Izq,292.79,168.83,0.99,290.90,206.58,0.99
40,102.71,1,Der,229.58,160.45,0.99,233.67,200.20,0.99
40,102.71,2,Der,338.25,179.68,0.99,343.50,213.01,0.99
40,102.71,3,Der,309.31,180.96,0.98,313.65,212.23,0.99
41,108.63,0,Izq,292.65,168.94,0.99,290.66,206.28,0.99
41,108.63,1,Der,230.30,159.85,0.99,233.90,199.95,0.99
41,108.63,2,Izq,358.93,179.33,0.98,356.67,210.59,0.99
41,108.63,3,Der,309.03,180.46,0.98,313.53,211.82,0.99
42,104.23,0,Der,230.30,159.88,0.99,233.61,199.52,0.99
42,104.23,1,Der,269.96,169.85,0.99,276.18,206.93,0.99
42,104.23,2,Izq,358.87,178.25,0.99,356.68,210.38,0.99
42,104.23,3,Der,307.81,179.82,0.99,312.66,211.65,0.99
43,105.80,0,Der,230.51,160.80,0.99,233.75,200.22,0.99
43,105.80,1,Der,270.08,170.39,0.99,275.89,207.09,0.99
43,105.80,2,Der,339.79,179.90,0.98,344.31,210.77,0.99
43,105.80,3,Der,307.66,179.58,0.99,312.40,210.91,0.99
44,103.40,0,Der,231.16,160.50,0.99,234.20,200.32,0.99
44,103.40,1,Der,270.00,170.38,0.99,275.42,206.51,1.00
44,103.40,2,Der,340.16,179.72,0.99,344.83,210.80,0.99
44,103.40,3,Der,307.36,179.52,0.99,311.95,211.11,0.99
45,133.54,0,Der,231.62,159.72,0.99,234.13,200.17,0.99
45,133.54,1,Der,269.79,170.43,0.99,275.25,206.75,1.00
45,133.54,2,Der,340.34,179.63,0.99,344.69,210.63,0.99
45,133.54,3,Der,306.45,178.72,0.99,311.44,210.51,0.99
46,140.39,0,Der,231.82,160.31,0.99,234.48,200.37,0.99
46,140.39,1,Der,269.65,170.06,0.99,274.87,206.51,1.00
46,140.39,2,Der,340.02,179.20,0.99,344.31,210.24,0.99
46,140.39,3,Der,306.42,178.48,0.99,311.03,210.35,0.99
47,117.50,0,Der,232.15,160.02,0.99,234.34,199.92,0.99
47,117.50,1,Der,269.88,170.11,0.99,275.40,206.66,0.99
47,117.50,2,Der,340.17,178.65,0.99,344.37,209.96,0.99
47,117.50,3,Der,305.94,178.49,0.99,310.55,210.27,0.99
48,107.98,0,Der,269.88,169.79,0.99,275.22,206.67,0.99
48,107.98,1,Der,232.13,159.43,0.99,234.95,200.03,0.99
48,107.98,2,Der,340.54,178.68,0.99,344.52,210.04,0.99
48,107.98,3,Der,305.52,178.16,0.99,310.07,210.14,0.99
49,126.65,0,Der,269.60,169.45,0.99,275.11,206.24,0.99
49,126.65,1,Der,232.58,159.59,0.99,235.15,199.53,0.99
49,126.65,2,Der,340.74,178.48,0.99,344.45,209.75,0.99
49,126.65,3,Der,304.71,177.97,0.99,309.57,210.60,0.99
50,122.10,0,Der,269.43,169.14,0.99,274.93,205.98,0.99
50,122.10,1,Der,232.78,159.47,0.99,235.01,199.50,0.99
50,122.10,2,Der,340.94,178.61,0.99,344.68,209.89,0.99
50,122.10,3,Der,303.90,177.67,0.99,309.11,210.41,0.99
51,109.18,0,Der,232.93,158.90,0.99,235.28,199.29,0.99
51,109.18,1,Der,269.02,168.85,0.99,274.65,205.85,0.99
51,109.18,2,Der,341.33,178.11,0.99,344.96,209.72,0.99
51,109.18,3,Der,303.69,177.91,0.99,308.78,210.53,0.99
52,107.90,0,Der,232.23,159.43,0.99,234.87,200.19,0.99
52,107.90,1,Der,268.98,168.65,0.99,274.41,205.62,0.99
52,107.90,2,Der,341.49,177.49,0.99,344.97,209.35,0.99
52,107.90,3,Der,303.34,177.18,0.99,308.55,209.98,0.99
53,135.77,0,Der,232.35,158.98,0.99,235.14,199.80,0.99
53,135.77,1,Der,268.92,168.15,0.99,274.43,205.26,0.99
53,135.77,2,Der,341.82,177.23,0.99,345.16,209.32,0.99
53,135.77,3,Der,303.05,177.56,0.99,308.28,211.14,0.99
54,123.05,0,Der,232.54,158.48,0.99,235.20,199.35,0.99
54,123.05,1,Der,269.05,168.05,0.99,274.54,204.81,0.99
54,123.05,2,Der,342.35,176.38,0.99,345.33,208.57,0.99
54,123.05,3,Der,302.95,176.98,0.99,308.22,210.28,0.99
55,126.84,0,Der,269.16,167.49,0.99,274.46,204.33,0.99
55,126.84,1,Der,232.13,158.58,0.99,234.70,198.89,0.99
55,126.84,2,Der,342.72,175.34,0.99,345.26,207.80,0.99
55,126.84,3,Der,303.05,177.11,0.99,308.44,210.46,0.99
56,111.31,0,Der,231.63,157.72,0.99,234.72,198.39,0.99
56,111.31,1,Der,269.00,167.14,0.99,274.34,203.96,0.99
56,111.31,2,Der,342.95,175.02,0.99,345.40,207.69,0.99
56,111.31,3,Der,302.90,176.58,0.99,308.15,209.99,0.99
57,114.66,0,Der,269.01,166.76,0.99,274.16,203.95,0.99
57,114.66,1,Der,231.15,157.30,0.99,234.14,197.73,0.99
57,114.66,2,Der,343.15,174.28,0.99,345.38,206.85,0.99
57,114.66,3,Der,302.48,175.65,0.99,307.84,209.82,0.99
58,131.63,0,Der,269.55,166.10,0.99,274.49,203.60,0.99
58,131.63,1,Der,229.81,157.41,0.99,233.70,198.54,0.99
58,131.63,2,Der,343.22,174.33,0.99,345.39,206.70,0.99
58,131.63,3,Der,302.73,175.57,0.99,307.91,209.87,0.99
59,112.12,0,Der,229.17,157.59,0.99,232.79,197.83,0.99
59,112.12,1,Der,270.10,166.14,0.99,274.80,203.38,0.99
59,112.12,2,Der,343.09,174.25,0.99,345.43,206.67,0.99
59,112.12,3,Der,302.79,175.46,0.99,307.91,209.75,0.99
60,124.12,0,Der,227.97,158.06,0.99,232.57,198.12,0.99
60,124.12,1,Der,270.49,165.84,0.99,274.87,203.16,0.99
60,124.12,2,Der,343.21,174.02,0.99,345.67,206.57,0.99
60,124.12,3,Der,302.73,175.23,0.99,307.86,209.63,0.99
61,114.69,0,Der,225.96,156.78,0.99,232.16,198.66,0.99
61,114.69,1,Der,270.53,166.04,0.99,275.11,203.10,0.99
61,114.69,2,Der,343.04,173.85,0.99,345.39,206.50,0.99
61,114.69,3,Der,302.76,175.54,0.99,308.18,209.63,0.99
62,127.80,0,Der,225.05,155.99,0.99,231.35,197.68,0.99
62,127.80,1,Der,271.22,165.78,0.99,275.84,202.58,0.99
62,127.80,2,Der,342.85,173.74,0.99,345.33,206.58,0.99
62,127.80,3,Der,303.00,175.85,0.99,308.27,210.27,0.99
63,114.24,0,Der,224.33,156.34,0.99,230.20,197.94,1.00
63,114.24,1,Der,270.49,166.01,0.99,274.62,203.06,0.99
63,114.24,2,Der,342.71,173.96,0.99,345.07,206.77,0.99
63,114.24,3,Der,303.23,176.15,0.99,308.19,210.43,0.99
64,114.47,0,Der,222.88,156.06,0.99,229.05,197.74,1.00
64,114.47,1,Der,270.45,165.79,0.99,274.77,202.70,0.99
64,114.47,2,Der,342.11,174.06,0.99,345.08,207.17,0.99
64,114.47,3,Der,303.22,176.22,0.99,308.43,210.36,0.99
65,106.81,0,Der,220.91,155.57,0.99,227.92,197.75,1.00
65,106.81,1,Der,270.52,165.50,0.99,274.79,202.60,0.99
65,106.81,2,Der,341.75,174.64,0.99,344.88,207.59,0.99
65,106.81,3,Der,303.53,176.30,0.99,308.25,210.46,0.99
66,103.69,0,Der,271.03,165.09,0.99,275.30,202.08,0.99
66,103.69,1,Der,219.43,154.60,0.99,226.87,196.78,0.99
66,103.69,2,Der,341.74,174.40,0.99,344.95,207.36,0.99
66,103.69,3,Der,304.14,176.63,0.99,309.14,210.40,0.99
67,110.16,0,Der,271.36,164.79,0.99,275.53,201.73,0.99
67,110.16,1,Der,218.83,154.83,0.99,226.67,197.18,0.99
67,110.16,2,Der,341.23,174.84,0.99,344.58,207.39,0.99
67,110.16,3,Der,305.42,175.81,0.99,309.69,209.29,0.99
68,132.88,0,Der,271.82,164.68,0.99,275.81,201.46,1.00
68,132.88,1,Der,218.36,155.71,0.99,226.58,197.60,0.99
68,132.88,2,Der,341.09,174.99,0.99,344.50,207.09,0.99
68,132.88,3,Der,306.71,174.86,0.99,310.87,207.31,0.99
69,133.13,0,Der,271.91,164.81,0.99,275.84,201.89,1.00
69,133.13,1,Der,218.12,154.98,0.99,226.37,196.52,0.99
69,133.13,2,Der,341.03,174.84,0.99,344.45,206.55,0.99
69,133.13,3,Der,307.61,175.10,0.99,312.23,209.18,0.99
70,132.75,0,Der,271.71,164.51,0.99,275.82,201.55,1.00
70,132.75,1,Der,217.72,154.62,0.99,226.81,196.30,0.99
70,132.75,2,Der,340.79,174.86,0.99,344.15,206.47,0.99
70,132.75,3,Der,307.61,174.15,0.99,311.77,207.64,0.99
71,126.43,0,Der,271.75,164.34,0.99,275.73,201.67,1.00
71,126.43,1,Der,217.71,154.91,0.99,226.83,196.80,0.99
71,126.43,2,Izq,359.77,174.70,0.99,356.05,206.22,0.99
71,126.43,3,Der,308.89,174.27,0.99,312.80,208.43,0.99
72,127.63,0,Der,270.91,164.26,0.99,275.45,201.80,1.00
72,127.63,1,Der,216.72,153.80,0.99,226.39,195.91,1.00
72,127.63,2,Izq,360.01,174.30,0.99,356.89,206.51,0.99
72,127.63,3,Der,309.31,173.83,0.99,313.09,208.36,0.99
73,119.68,0,Der,270.29,164.35,0.99,275.03,201.90,1.00
73,119.68,1,Der,215.99,152.75,0.99,225.71,194.82,1.00
73,119.68,2,Izq,359.62,174.42,0.99,357.01,206.66,0.99
73,119.68,3,Der,310.32,174.13,0.99,314.09,208.43,0.99
74,114.05,0,Der,269.85,164.60,0.99,275.14,201.79,1.00
74,114.05,1,Der,215.44,152.41,0.99,224.19,194.61,0.99
74,114.05,2,Izq,359.94,174.10,0.99,357.25,206.73,0.99
74,114.05,3,Der,310.45,174.15,0.99,314.02,208.37,0.99
75,134.91,0,Der,268.61,164.24,0.99,273.73,201.31,1.00
75,134.91,1,Der,215.02,152.03,0.99,223.85,194.92,0.99
75,134.91,2,Izq,359.80,173.77,0.99,357.05,206.69,0.99
75,134.91,3,Der,310.32,173.66,0.99,313.92,208.07,0.99
76,121.06,0,Der,267.33,163.79,0.99,272.85,201.00,1.00
76,121.06,1,Der,214.49,151.58,0.99,223.47,194.53,0.99
76,121.06,2,Izq,359.50,173.57,0.99,356.63,206.23,0.99
76,121.06,3,Der,309.87,172.16,0.99,313.00,206.41,0.99
77,134.58,0,Der,265.99,163.88,0.99,272.16,201.35,1.00
77,134.58,1,Der,214.31,150.78,0.99,222.47,194.00,0.99
77,134.58,2,Izq,359.46,173.19,0.99,356.38,206.62,0.99
77,134.58,3,Der,309.62,172.17,0.99,312.78,207.49,0.99
78,113.48,0,Der,264.95,163.44,0.99,271.71,200.80,1.00
78,113.48,1,Der,214.51,150.88,0.99,222.66,194.09,0.99
78,113.48,2,Izq,359.69,173.06,0.99,356.72,207.50,0.99
78,113.48,3,Der,309.34,172.07,0.99,312.75,207.97,0.99
79,131.78,0,Der,263.31,162.75,0.99,272.04,199.82,0.99
79,131.78,1,Der,214.45,150.20,0.99,221.72,194.05,0.99
79,131.78,2,Izq,359.87,173.12,0.99,356.46,208.19,0.99
79,131.78,3,Der,309.10,171.83,0.99,312.51,207.59,0.99
80,114.09,0,Der,262.95,162.51,0.99,271.90,199.62,0.99
80,114.09,1,Der,215.02,150.75,0.99,222.03,194.47,0.99
80,114.09,2,Izq,360.36,172.83,0.99,356.86,207.87,0.99
80,114.09,3,Der,309.03,171.68,0.99,312.55,207.74,0.99
81,132.94,0,Der,262.66,162.04,0.99,271.48,199.24,0.99
81,132.94,1,Der,215.45,150.53,0.99,222.10,194.80,0.99
81,132.94,2,Izq,360.97,172.89,0.99,357.13,208.00,0.99
81,132.94,3,Der,308.63,172.28,0.99,312.16,209.30,0.99
82,132.17,0,Der,262.25,161.17,0.99,271.27,198.79,0.99
82,132.17,1,Der,215.43,150.46,0.99,222.58,194.98,0.99
82,132.17,2,Izq,361.66,172.55,0.99,357.89,207.86,0.99
82,132.17,3,Der,308.59,171.29,0.99,312.34,207.58,0.99
83,124.17,0,Der,262.17,161.00,0.99,271.37,198.62,1.00
83,124.17,1,Der,216.09,150.50,0.99,222.69,195.25,0.99
83,124.17,2,Izq,362.24,170.98,0.99,358.32,206.78,0.99
83,124.17,3,Der,307.85,171.63,0.99,312.20,208.57,0.99
84,180.10,0,Der,262.19,160.86,0.99,271.25,198.52,0.99
84,180.10,1,Der,216.17,149.98,0.99,221.81,194.73,0.99
84,180.10,2,Der,339.57,171.47,0.98,344.48,205.92,0.99
84,180.10,3,Der,307.85,171.49,0.99,312.25,208.39,0.99
85,132.06,0,Der,262.27,160.70,0.99,271.26,198.97,1.00
85,132.06,1,Der,217.97,149.69,0.99,222.37,194.99,0.99
85,132.06,2,Izq,364.18,170.26,0.99,360.43,206.25,0.99
85,132.06,3,Izq,327.03,171.47,0.99,324.17,208.55,0.99
86,130.36,0,Der,262.63,160.58,0.99,271.59,198.72,1.00
86,130.36,1,Der,218.95,149.69,0.99,222.94,195.33,0.99
86,130.36,2,Der,341.83,170.99,0.98,346.31,205.02,0.99
86,130.36,3,Izq,326.39,170.49,0.98,323.77,207.06,0.99
87,124.56,0,Der,262.75,160.36,0.99,272.03,198.73,1.00
87,124.56,1,Der,217.97,148.29,0.99,222.37,194.63,0.99
87,124.56,2,Der,342.98,170.51,0.98,347.45,205.50,0.99
87,124.56,3,Der,306.60,170.66,0.99,312.40,207.38,0.99
88,116.51,0,Der,218.21,147.22,0.99,222.63,194.10,0.99
88,116.51,1,Der,263.03,160.09,0.99,272.19,198.64,1.00
88,116.51,2,Der,343.40,168.83,0.99,348.07,205.90,1.00
88,116.51,3,Der,306.67,169.90,0.99,312.32,206.30,0.99
89,126.79,0,Der,218.64,146.01,0.99,222.90,192.78,0.99
89,126.79,1,Der,344.01,168.58,1.00,348.67,205.35,1.00
89,126.79,2,Der,263.60,159.88,0.99,272.29,198.73,1.00
89,126.79,3,Der,306.51,169.42,0.99,312.41,205.75,0.99
90,129.41,0,Der,220.44,145.35,0.99,224.31,193.22,0.99
90,129.41,1,Der,344.26,168.41,1.00,348.94,205.07,1.00
90,129.41,2,Der,263.95,159.72,0.99,271.47,199.09,0.99
90,129.41,3,Der,305.91,169.19,0.99,311.98,205.27,0.99
91,110.79,0,Der,344.70,168.22,1.00,349.41,205.25,1.00
91,110.79,1,Der,220.74,145.25,0.99,224.41,194.01,0.99
91,110.79,2,Der,264.82,159.51,0.99,271.68,199.13,0.99
91,110.79,3,Der,305.88,168.78,0.98,311.34,206.11,0.99
92,156.96,0,Der,345.20,167.42,1.00,349.58,205.12,1.00
92,156.96,1,Der,220.39,144.75,0.99,224.07,192.98,0.99
92,156.96,2,Der,265.84,158.80,0.99,272.32,199.27,0.99
92,156.96,3,Der,305.62,168.22,0.98,311.35,205.60,0.99
93,171.60,0,Der,345.44,167.50,1.00,349.96,205.65,1.00
93,171.60,1,Der,221.48,144.30,0.99,225.33,192.73,0.99
93,171.60,2,Der,266.69,158.04,0.99,272.60,198.93,0.99
93,171.60,3,Der,306.57,168.33,0.98,312.32,206.07,0.99
94,151.90,0,Der,346.23,167.51,1.00,351.06,206.33,1.00
94,151.90,1,Der,222.28,143.41,0.99,225.44,191.55,0.99
94,151.90,2,Der,267.84,157.74,0.99,273.23,198.09,0.99
94,151.90,3,Der,306.70,168.06,0.99,313.91,205.12,0.99
95,114.35,0,Der,346.12,168.19,1.00,351.35,206.94,1.00
95,114.35,1,Der,222.64,143.62,0.99,225.75,191.95,0.99
95,114.35,2,Der,268.08,157.11,0.99,273.29,198.90,0.99
95,114.35,3,Der,307.89,167.83,0.99,314.21,207.22,0.99
96,128.88,0,Der,346.39,168.71,1.00,352.11,207.85,1.00
96,128.88,1,Der,269.14,156.29,0.99,274.41,199.12,0.99
96,128.88,2,Der,223.32,143.42,0.99,226.20,192.04,0.99
96,128.88,3,Der,308.35,166.94,0.99,314.94,207.27,0.99
97,143.17,0,Der,346.28,168.63,0.99,352.36,207.88,1.00
97,143.17,1,Der,269.18,155.43,0.99,273.88,198.68,0.99
97,143.17,2,Izq,250.09,142.79,0.99,242.94,192.12,0.99
97,143.17,3,Der,309.45,166.80,0.99,315.33,207.20,0.99
98,113.96,0,Der,269.16,155.31,0.99,273.66,198.79,0.99
98,113.96,1,Der,346.27,169.18,0.99,352.41,208.51,1.00
98,113.96,2,Izq,250.44,142.73,0.99,243.11,192.76,0.99
98,113.96,3,Der,310.47,167.85,0.99,315.72,207.91,0.99
99,125.33,0,Der,270.00,155.04,0.99,274.82,198.57,0.99
99,125.33,1,Izq,370.40,168.23,0.99,367.11,208.04,0.99
99,125.33,2,Izq,249.88,142.68,0.99,243.06,192.96,0.99
99,125.33,3,Der,311.85,166.80,0.99,316.95,206.45,0.99
100,125.45,0,Der,270.36,154.82,0.99,274.99,198.58,0.99
100,125.45,1,Der,345.73,168.66,0.99,352.33,208.64,1.00
100,125.45,2,Der,223.18,143.29,0.99,226.17,194.04,0.99
100,125.45,3,Der,313.45,167.38,0.99,318.22,207.78,0.99
101,135.74,0,Der,345.52,167.98,0.99,352.52,208.33,1.00
101,135.74,1,Der,270.82,154.81,0.99,275.32,198.36,0.99
101,135.74,2,Der,222.88,143.07,0.99,226.62,193.59,0.99
101,135.74,3,Der,314.47,167.21,0.99,318.94,208.25,0.99
102,139.62,0,Der,271.05,154.55,0.99,275.60,198.09,0.99
102,139.62,1,Izq,371.76,166.23,0.99,369.01,207.32,1.00
102,139.62,2,Der,222.55,143.55,0.99,227.26,195.05,0.99
102,139.62,3,Der,314.53,169.05,0.98,318.19,210.12,0.99
103,127.94,0,Der,271.47,154.63,0.99,275.73,198.06,0.99
103,127.94,1,Der,347.68,166.61,0.99,354.58,206.59,0.99
103,127.94,2,Der,222.22,142.87,0.99,227.18,193.29,0.99
103,127.94,3,Der,315.04,168.57,0.98,318.31,209.48,0.99
104,134.63,0,Der,271.77,154.69,0.99,276.06,198.54,0.99
104,134.63,1,Der,348.35,166.16,0.99,355.26,206.35,0.99
104,134.63,2,Der,221.17,143.65,0.99,227.51,195.91,0.99
104,134.63,3,Der,315.50,166.47,0.98,319.86,206.91,0.99
105,122.18,0,Der,272.06,154.66,0.99,276.82,198.33,0.99
105,122.18,1,Der,348.66,165.09,0.99,354.87,206.09,0.99
105,122.18,2,Der,220.90,142.35,0.99,229.23,193.58,0.99
105,122.18,3,Der,314.82,168.81,0.97,318.44,210.04,0.98
106,164.01,0,Der,272.15,154.95,0.99,277.21,198.72,0.99
106,164.01,1,Der,349.07,165.24,0.99,355.50,206.26,0.99
106,164.01,2,Der,219.88,140.61,0.99,228.75,192.68,0.99
106,164.01,3,Der,314.14,168.26,0.97,317.99,213.24,0.98
107,131.07,0,Der,271.74,154.94,0.99,277.34,198.50,0.99
107,131.07,1,Der,349.87,165.22,0.99,355.59,207.01,0.99
107,131.07,2,Izq,247.00,137.84,0.98,244.46,191.23,0.99
107,131.07,3,Der,313.94,165.63,0.98,319.64,211.25,0.98
108,132.92,0,Der,271.36,154.99,0.99,277.83,198.96,0.99
108,132.92,1,Izq,246.06,136.22,0.98,244.06,189.86,0.98
108,132.92,2,Der,350.59,165.42,0.99,357.04,208.05,0.99
108,132.92,3,Izq,337.09,163.55,0.99,334.11,210.64,0.99
109,119.78,0,Der,271.22,154.38,0.99,277.73,198.93,0.99
109,119.78,1,Izq,245.84,135.85,0.98,243.31,189.42,0.98
109,119.78,2,Izq,336.83,163.24,0.99,334.03,211.80,0.99
109,119.78,3,Der,351.07,166.00,0.99,357.99,208.88,0.99
110,114.90,0,Der,271.17,154.71,0.99,277.64,199.46,0.99
110,114.90,1,Izq,336.60,162.74,0.99,334.25,211.64,0.99
110,114.90,2,Izq,246.00,135.15,0.98,244.67,189.82,0.99
110,114.90,3,Izq,378.90,165.03,0.99,376.16,208.03,0.99
111,143.06,0,Der,270.92,154.68,0.99,277.87,199.54,0.99
111,143.06,1,Izq,336.95,162.41,0.99,334.45,211.10,0.99
111,143.06,2,Izq,245.96,135.30,0.99,244.39,189.79,0.99
111,143.06,3,Izq,379.75,166.04,0.99,376.71,209.55,0.99
112,120.61,0,Der,270.06,154.07,0.99,278.18,199.83,0.99
112,120.61,1,Izq,337.02,162.38,0.99,334.98,211.09,0.99
112,120.61,2,Der,217.41,135.78,0.98,226.80,190.51,0.99
112,120.61,3,Izq,381.04,166.67,0.98,377.61,209.34,0.99
113,109.56,0,Der,269.77,153.26,0.99,277.85,199.28,0.99
113,109.56,1,Izq,338.63,163.74,0.99,335.94,212.61,0.99
113,109.56,2,Der,217.13,135.54,0.99,226.07,190.47,0.99
113,109.56,3,Izq,383.85,167.21,0.99,379.11,210.96,0.99
114,123.30,0,Der,269.44,152.14,0.99,277.73,198.40,0.99
114,123.30,1,Der,217.11,134.90,0.99,225.66,190.41,0.99
114,123.30,2,Izq,385.56,167.25,0.99,380.56,210.57,0.99
114,123.30,3,Izq,339.49,164.90,0.99,336.47,214.18,0.99
115,118.37,0,Der,269.28,151.04,0.99,277.86,198.44,0.99
115,118.37,1,Der,216.88,134.40,0.99,225.22,190.25,0.99
115,118.37,2,Der,359.19,165.14,0.99,363.98,210.33,0.99
115,118.37,3,Der,313.20,167.71,0.99,319.75,219.20,0.99
116,112.11,0,Der,268.65,150.69,0.99,276.94,198.54,0.99
116,112.11,1,Der,217.38,134.72,0.99,225.28,190.25,0.99
116,112.11,2,Der,360.23,163.49,0.99,365.20,208.71,1.00
116,112.11,3,Der,314.31,166.93,0.99,320.90,218.83,0.99
117,195.46,0,Der,268.40,150.07,0.99,276.62,198.03,0.99
117,195.46,1,Der,216.52,134.12,0.99,224.76,189.86,0.99
117,195.46,2,Der,360.98,162.57,0.99,366.20,209.68,1.00
117,195.46,3,Der,314.19,164.00,0.99,321.11,212.88,0.99
118,118.36,0,Der,267.90,150.01,0.99,275.99,198.26,0.99
118,118.36,1,Der,362.05,161.79,0.99,366.58,208.99,1.00
118,118.36,2,Der,214.35,134.81,0.98,221.21,191.94,0.99
118,118.36,3,Der,316.23,162.72,0.99,322.16,214.13,1.00
119,138.59,0,Der,363.25,161.81,0.99,367.00,208.45,1.00
119,138.59,1,Der,267.73,149.24,0.99,275.85,197.52,0.99
119,138.59,2,Der,213.97,134.84,0.98,220.31,192.54,0.99
119,138.59,3,Der,316.35,161.80,0.99,322.06,214.19,1.00
120,116.12,0,Der,364.05,161.43,1.00,367.70,207.16,1.00
120,116.12,1,Der,267.64,149.06,0.99,275.80,198.37,0.99
120,116.12,2,Der,315.15,163.31,0.99,321.00,215.63,0.99
120,116.12,3,Der,213.01,135.33,0.98,219.28,194.61,0.99
121,132.34,0,Der,364.75,161.23,1.00,369.10,207.79,1.00
121,132.34,1,Der,267.65,149.05,0.99,275.59,197.77,0.99
121,132.34,2,Der,212.17,134.60,0.98,217.73,194.65,0.99
121,132.34,3,Der,315.99,165.00,0.99,322.16,217.43,0.99
122,141.28,0,Der,366.15,160.78,0.99,371.22,207.68,1.00
122,141.28,1,Der,267.73,149.33,0.99,275.05,198.72,0.99
122,141.28,2,Der,211.58,134.45,0.98,216.51,195.29,0.99
122,141.28,3,Der,317.36,165.86,0.99,323.42,217.08,0.99
123,118.08,0,Der,366.90,160.41,0.99,372.11,208.37,1.00
123,118.08,1,Der,268.08,149.46,0.99,274.82,199.22,0.99
123,118.08,2,Der,318.28,164.53,0.99,323.26,217.13,0.99
123,118.08,3,Der,211.31,132.62,0.98,216.45,193.67,0.99
124,126.43,0,Der,367.38,161.59,0.99,372.30,209.39,0.99
124,126.43,1,Der,268.04,150.02,0.99,274.94,199.91,0.99
124,126.43,2,Der,319.66,164.71,0.99,323.61,217.71,0.99
124,126.43,3,Der,211.21,131.43,0.98,215.98,193.21,0.99
125,128.98,0,Der,367.04,162.58,0.99,372.46,210.75,0.99
125,128.98,1,Der,268.54,150.64,1.00,275.21,200.88,1.00
125,128.98,2,Der,210.10,129.99,0.99,215.03,193.02,0.99
125,128.98,3,Der,321.10,165.21,0.99,324.83,217.82,0.99
126,120.44,0,Der,269.29,150.48,1.00,275.52,202.46,1.00
126,120.44,1,Der,367.63,163.35,0.99,373.52,212.20,0.99
126,120.44,2,Der,209.36,128.80,0.98,214.05,193.33,0.99
126,120.44,3,Der,321.12,164.05,0.99,325.02,217.87,0.99
127,121.98,0,Der,269.95,150.10,1.00,275.86,202.13,1.00
127,121.98,1,Der,367.09,163.80,0.99,372.61,213.11,0.99
127,121.98,2,Der,212.31,126.80,0.99,216.05,191.68,1.00
127,121.98,3,Der,321.72,163.15,0.99,325.48,218.06,0.99
128,126.97,0,Der,367.41,164.07,0.99,372.43,214.24,0.99
128,126.97,1,Der,270.99,149.07,0.99,276.27,201.73,1.00
128,126.97,2,Izq,246.78,126.78,0.99,237.28,191.28,1.00
128,126.97,3,Der,321.99,161.96,0.99,325.74,217.17,0.99
129,119.13,0,Der,367.32,163.92,0.99,373.65,214.43,0.99
129,119.13,1,Der,272.32,148.06,0.99,277.27,201.15,1.00
129,119.13,2,Izq,246.66,126.18,0.99,236.91,190.95,1.00
129,119.13,3,Der,321.77,161.94,0.99,326.23,216.84,0.99
130,130.30,0,Der,367.54,163.88,0.99,374.26,215.10,0.99
130,130.30,1,Der,272.73,147.39,0.99,277.81,201.97,1.00
130,130.30,2,Der,209.39,127.17,0.99,212.64,191.91,0.99
130,130.30,3,Der,322.48,162.32,0.99,327.48,217.80,0.99
131,116.37,0,Der,368.56,163.62,0.99,375.28,214.90,0.99
131,116.37,1,Der,273.89,145.76,1.00,279.58,200.71,1.00
131,116.37,2,Der,208.79,126.05,0.99,212.22,191.73,0.99
131,116.37,3,Der,323.61,161.94,0.99,329.13,221.67,0.99
132,115.11,0,Der,367.44,162.98,0.99,375.23,215.31,0.99
132,115.11,1,Der,273.97,144.76,1.00,280.06,199.87,1.00
132,115.11,2,Der,208.49,125.73,0.99,212.31,191.70,0.99
132,115.11,3,Der,323.72,164.12,0.99,327.83,227.51,0.99
133,105.66,0,Der,273.87,144.43,1.00,280.18,199.73,1.00
133,105.66,1,Der,207.74,125.92,0.99,211.41,192.46,1.00
133,105.66,2,Der,367.43,163.10,0.99,375.31,215.53,0.99
133,105.66,3,Der,323.82,165.61,0.99,328.25,229.55,0.98
134,127.81,0,Der,273.87,143.95,1.00,280.38,199.33,1.00
134,127.81,1,Der,206.46,126.22,0.99,210.82,192.97,1.00
134,127.81,2,Der,368.04,162.60,0.99,376.57,214.89,0.99
134,127.81,3,Der,323.08,167.12,0.99,328.59,231.05,0.99
135,139.18,0,Der,274.22,143.74,1.00,280.82,199.17,1.00
135,139.18,1,Der,205.48,126.47,0.99,210.35,193.92,1.00
135,139.18,2,Der,368.05,162.72,0.99,377.24,215.63,0.99
135,139.18,3,Der,323.32,165.99,0.99,328.20,231.36,0.99
136,117.20,0,Der,274.42,144.08,1.00,281.12,200.26,1.00
136,117.20,1,Der,203.76,127.17,0.99,209.64,195.71,1.00
136,117.20,2,Der,367.79,162.31,0.99,377.55,216.24,0.99
136,117.20,3,Der,322.01,165.55,0.99,327.60,232.44,0.99
137,129.21,0,Der,274.06,144.07,1.00,281.32,201.06,1.00
137,129.21,1,Der,201.57,128.18,0.99,208.44,197.47,1.00
137,129.21,2,Der,368.91,161.67,0.99,378.24,216.39,0.99
137,129.21,3,Der,322.75,164.66,0.99,328.49,232.55,0.99
138,117.57,0,Der,274.03,143.99,1.00,281.30,201.79,1.00
138,117.57,1,Der,200.30,129.10,0.99,208.64,199.44,1.00
138,117.57,2,Der,370.74,161.11,0.98,378.94,216.50,0.99
138,117.57,3,Der,322.76,163.59,0.99,331.41,229.85,1.00
139,124.25,0,Der,274.07,144.05,1.00,281.56,201.76,1.00
139,124.25,1,Der,196.96,128.61,0.99,206.81,199.32,1.00
139,124.25,2,Der,324.02,163.58,0.99,331.42,230.27,1.00
139,124.25,3,Der,372.71,161.96,0.98,378.35,216.07,0.98
140,116.62,0,Der,193.34,127.20,0.99,203.08,199.20,1.00
140,116.62,1,Der,273.85,144.08,1.00,281.69,202.43,1.00
140,116.62,2,Der,323.99,159.96,0.99,332.72,226.23,1.00
140,116.62,3,Der,374.04,161.97,0.98,379.79,217.47,0.99
141,134.30,0,Der,190.40,126.22,0.99,201.61,199.77,1.00
141,134.30,1,Der,273.04,144.20,0.99,281.11,203.13,0.99
141,134.30,2,Der,324.82,159.12,1.00,333.14,226.99,1.00
141,134.30,3,Der,374.78,162.62,0.98,379.79,218.17,0.98
142,192.53,0,Der,185.81,124.73,0.99,196.99,198.57,1.00
142,192.53,1,Der,272.26,144.49,0.99,280.47,203.73,0.99
142,192.53,2,Izq,409.20,163.40,0.98,402.22,219.63,0.98
142,192.53,3,Der,325.75,157.75,0.99,334.05,227.43,0.99
143,113.02,0,Der,182.05,122.21,1.00,194.71,198.85,1.00
143,113.02,1,Der,271.51,144.62,0.99,279.86,204.22,0.99
143,113.02,2,Izq,411.73,164.42,0.97,404.50,222.29,0.98
143,113.02,3,Der,326.86,160.36,0.99,335.24,232.36,1.00
144,129.20,0,Der,179.92,120.72,1.00,192.35,198.72,1.00
144,129.20,1,Der,269.39,143.84,0.99,278.76,203.88,0.99
144,129.20,2,Izq,414.55,163.32,0.97,405.83,221.81,0.98
144,129.20,3,Der,327.87,161.79,0.99,335.85,234.33,1.00
145,128.32,0,Der,176.62,120.04,1.00,189.55,198.83,1.00
145,128.32,1,Der,267.09,143.34,1.00,274.69,206.05,1.00
145,128.32,2,Der,379.05,159.97,0.98,384.50,219.88,0.99
145,128.32,3,Der,328.62,161.27,1.00,335.98,235.93,1.00
146,133.05,0,Der,173.92,117.83,1.00,185.17,195.84,1.00
146,133.05,1,Der,265.68,141.73,1.00,273.35,205.51,1.00
146,133.05,2,Der,379.68,158.40,0.98,385.32,221.05,0.99
146,133.05,3,Der,329.91,161.80,1.00,336.76,237.66,1.00
147,116.63,0,Der,172.02,116.16,1.00,183.19,195.18,1.00
147,116.63,1,Der,264.32,140.77,1.00,271.60,205.80,1.00
147,116.63,2,Der,382.52,157.65,0.98,387.72,217.39,0.99
147,116.63,3,Der,333.23,159.60,0.99,337.31,238.33,0.99
148,128.32,0,Der,169.02,114.43,1.00,179.46,196.10,1.00
148,128.32,1,Der,263.64,139.07,1.00,271.07,204.78,1.00
148,128.32,2,Der,335.51,159.10,0.99,338.05,239.12,0.99
148,128.32,3,Izq,421.74,158.07,0.99,414.40,220.56,0.99
149,118.02,0,Der,168.40,113.21,1.00,178.31,195.57,1.00
149,118.02,1,Der,261.02,139.15,1.00,272.89,205.91,1.00
149,118.02,2,Der,336.13,158.54,0.99,339.45,240.33,0.99
149,118.02,3,Der,385.83,157.13,0.99,391.37,220.08,0.99
150,128.17,0,Der,167.16,113.54,1.00,178.28,196.70,1.00
150,128.17,1,Der,260.83,138.32,1.00,272.34,205.84,1.00
150,128.17,2,Der,337.44,156.07,0.99,341.13,240.02,0.99
150,128.17,3,Izq,422.72,160.47,0.99,413.94,220.44,0.99
151,135.20,0,Izq,213.60,115.22,1.00,207.77,201.63,1.00
151,135.20,1,Der,260.27,137.67,1.00,272.05,205.03,1.00
151,135.20,2,Der,338.45,154.36,0.99,342.34,238.81,0.99
151,135.20,3,Izq,424.97,159.32,0.99,415.13,220.38,0.99
152,117.65,0,Izq,212.37,115.78,1.00,205.59,203.20,1.00
152,117.65,1,Der,261.92,136.60,1.00,270.11,206.00,1.00
152,117.65,2,Izq,426.25,159.21,0.99,416.71,220.91,0.99
152,117.65,3,Der,339.29,155.10,0.99,343.16,241.46,0.99
153,131.08,0,Izq,212.09,116.85,1.00,204.21,206.53,1.00
153,131.08,1,Der,262.04,137.20,1.00,270.41,207.44,1.00
153,131.08,2,Izq,427.40,159.60,0.99,418.61,222.25,0.99
153,131.08,3,Der,340.23,153.88,0.99,344.42,241.20,0.99
154,126.74,0,Izq,212.10,118.13,1.00,202.78,208.71,1.00
154,126.74,1,Der,262.31,137.77,1.00,270.39,208.84,1.00
154,126.74,2,Der,340.10,154.74,0.99,344.60,243.62,0.99
154,126.74,3,Izq,429.14,160.45,0.99,420.06,224.06,0.99
155,136.89,0,Izq,212.39,118.48,1.00,202.10,210.98,1.00
155,136.89,1,Der,262.66,138.25,1.00,270.30,209.99,1.00
155,136.89,2,Der,340.09,156.79,1.00,346.22,248.80,0.99
155,136.89,3,Izq,429.34,161.60,0.99,422.34,224.95,0.99
156,127.92,0,Izq,212.18,118.26,1.00,200.97,211.91,1.00
156,127.92,1,Der,262.81,139.13,1.00,270.20,211.77,1.00
156,127.92,2,Der,340.55,159.63,1.00,346.27,250.74,0.99
156,127.92,3,Izq,429.48,161.96,0.99,422.41,226.75,0.99
157,117.32,0,Der,161.68,115.10,0.99,169.65,212.09,0.99
157,117.32,1,Der,263.58,140.19,1.00,270.58,213.42,1.00
157,117.32,2,Der,341.80,162.76,1.00,347.47,262.32,0.99
157,117.32,3,Izq,428.93,162.22,0.99,421.10,228.16,0.99
158,128.01,0,Izq,212.44,116.18,1.00,198.79,213.61,1.00
158,128.01,1,Der,263.93,139.74,1.00,270.79,213.87,1.00
158,128.01,2,Der,341.86,164.24,1.00,351.60,263.43,0.99
158,128.01,3,Izq,430.44,163.01,0.99,422.46,231.12,0.99
159,127.45,0,Izq,212.69,113.82,1.00,197.18,213.16,1.00
159,127.45,1,Der,264.37,139.46,1.00,270.98,214.39,1.00
159,127.45,2,Der,340.57,164.90,1.00,352.24,261.86,0.99
159,127.45,3,Izq,430.48,161.88,0.99,421.94,231.15,0.99
160,126.11,0,Izq,213.33,112.20,1.00,196.88,211.97,1.00
160,126.11,1,Der,265.16,138.38,1.00,270.77,214.31,1.00
160,126.11,2,Der,340.53,164.57,1.00,353.50,261.56,0.99
160,126.11,3,Izq,429.89,160.51,0.99,422.81,231.40,0.99
161,134.17,0,Izq,213.61,111.00,1.00,195.66,212.19,1.00
161,134.17,1,Der,265.90,136.46,1.00,270.98,214.37,1.00
161,134.17,2,Der,339.43,165.33,1.00,352.51,265.10,0.99
161,134.17,3,Izq,427.86,158.41,0.99,422.29,226.66,0.99
162,129.34,0,Izq,213.97,109.17,1.00,195.45,213.30,1.00
162,129.34,1,Der,265.92,134.96,1.00,271.16,215.36,1.00
162,129.34,2,Der,340.52,164.40,1.00,355.13,267.25,0.99
162,129.34,3,Izq,428.04,155.64,0.98,424.56,222.95,0.98
163,130.40,0,Izq,212.90,107.26,1.00,194.53,213.54,1.00
163,130.40,1,Der,266.16,133.42,1.00,271.91,215.00,1.00
163,130.40,2,Der,340.56,161.85,0.99,353.02,273.56,0.98
163,130.40,3,Izq,429.94,155.60,0.97,422.85,226.94,0.96
164,121.56,0,Izq,212.20,105.35,1.00,193.59,212.99,1.00
164,121.56,1,Der,266.73,132.92,1.00,271.75,215.77,1.00
164,121.56,2,Der,342.33,159.24,0.99,357.48,271.57,0.98
164,121.56,3,Izq,431.30,157.59,0.97,429.82,228.77,0.91
165,132.40,0,Izq,210.21,103.60,1.00,191.80,212.84,1.00
165,132.40,1,Der,266.79,131.97,1.00,271.25,215.19,1.00
165,132.40,2,Der,345.82,155.98,0.99,360.48,267.12,0.99
166,128.97,0,Izq,208.70,101.86,1.00,191.07,211.38,1.00
166,128.97,1,Der,267.31,131.65,1.00,271.95,215.32,1.00
166,128.97,2,Der,348.24,159.07,0.98,361.77,274.35,0.96
167,118.44,0,Izq,207.24,100.46,1.00,189.89,211.75,1.00
167,118.44,1,Der,266.97,131.11,1.00,272.14,215.32,1.00
167,118.44,2,Der,348.72,159.05,0.99,365.56,281.13,0.96
168,115.09,0,Izq,205.25,99.58,1.00,188.89,213.57,1.00
168,115.09,1,Der,266.55,131.16,1.00,272.55,216.15,1.00
168,115.09,2,Der,349.63,163.06,0.99,367.85,280.07,0.97
169,110.52,0,Der,265.66,132.72,1.00,272.17,218.14,1.00
169,110.52,1,Izq,204.15,98.25,1.00,188.70,214.70,0.99
169,110.52,2,Der,354.57,162.76,0.99,366.58,283.96,0.97
170,105.14,0,Der,265.01,133.08,1.00,272.39,219.66,1.00
170,105.14,1,Izq,202.89,98.32,1.00,187.27,217.63,0.99
170,105.14,2,Der,356.75,166.56,0.99,368.90,294.46,0.95
171,136.89,0,Der,264.23,134.09,1.00,273.05,222.04,1.00
171,136.89,1,Izq,199.28,99.15,1.00,185.79,220.08,0.99
171,136.89,2,Der,360.50,171.30,0.99,374.52,306.68,0.94
172,108.77,0,Der,263.04,134.53,1.00,273.53,224.80,1.00
172,108.77,1,Izq,196.35,98.04,1.00,183.82,222.19,1.00
172,108.77,2,Der,367.25,171.05,0.99,376.06,308.58,0.93
173,146.29,0,Der,260.79,135.88,1.00,272.76,227.57,1.00
173,146.29,1,Izq,192.69,97.44,1.00,182.59,224.38,1.00
173,146.29,2,Der,368.82,168.07,0.99,375.79,310.64,0.91
174,123.16,0,Der,258.88,136.94,1.00,271.88,229.15,1.00
174,123.16,1,Izq,189.65,97.98,1.00,180.15,227.54,0.99
174,123.16,2,Der,374.52,166.26,0.99,380.91,313.83,0.88
175,127.56,0,Der,256.27,137.16,1.00,270.86,230.72,1.00
175,127.56,1,Izq,186.01,96.49,1.00,177.30,229.14,0.99
175,127.56,2,Der,378.21,159.84,0.99,392.19,314.70,0.89
176,125.49,0,Der,254.66,137.16,1.00,270.19,232.50,1.00
176,125.49,1,Izq,182.13,90.21,1.00,174.13,225.27,0.99
176,125.49,2,Der,383.47,160.90,0.99,399.36,317.54,0.88
177,143.14,0,Der,251.47,135.92,1.00,268.67,233.26,1.00
177,143.14,1,Izq,178.84,86.41,1.00,170.35,226.12,0.99
177,143.14,2,Der,386.49,158.89,0.99,401.73,322.02,0.88
178,130.30,0,Der,249.15,133.67,1.00,266.19,233.30,1.00
178,130.30,1,Izq,175.69,83.31,1.00,167.90,228.45,0.99
178,130.30,2,Der,390.96,155.49,0.99,402.82,320.38,0.89
179,135.60,0,Der,245.96,131.92,1.00,262.59,234.19,1.00
179,135.60,1,Der,393.78,154.81,0.99,407.30,327.35,0.88
179,135.60,2,Izq,172.06,80.71,1.00,164.34,230.80,0.99
180,117.37,0,Der,243.09,131.25,1.00,260.86,236.17,1.00
180,117.37,1,Der,398.81,154.12,0.99,412.28,333.17,0.86
180,117.37,2,Izq,167.89,78.80,1.00,160.96,232.22,0.99
181,133.05,0,Der,241.01,128.98,1.00,258.56,236.54,1.00
181,133.05,1,Izq,163.81,77.56,1.00,156.50,234.62,0.99
181,133.05,2,Der,403.58,162.58,0.99,418.04,347.53,0.80
182,117.10,0,Der,239.75,127.56,1.00,257.90,234.51,1.00
182,117.10,1,Izq,161.30,74.41,0.99,152.55,236.34,0.99
183,129.26,0,Der,238.30,126.60,1.00,256.59,233.23,1.00
183,129.26,1,Izq,159.39,73.11,0.99,146.97,236.81,0.99
184,132.64,0,Der,237.14,124.86,0.99,255.11,232.58,0.99
184,132.64,1,Izq,156.42,71.69,0.99,141.31,238.32,0.98
185,130.73,0,Der,235.90,124.93,0.99,253.85,233.36,0.99
185,130.73,1,Izq,153.22,69.69,0.99,135.76,244.51,0.98
186,130.14,0,Izq,302.18,122.92,1.00,292.80,235.42,0.99
186,130.14,1,Izq,149.90,67.93,0.98,131.75,246.37,0.98
186,130.14,3,Der,402.33,159.33,0.94,410.58,261.69,0.90
187,144.26,0,Izq,302.07,123.60,0.99,290.98,238.89,0.99
187,144.26,1,Izq,147.18,67.24,0.98,123.97,253.06,0.98
187,144.26,3,Der,402.25,161.24,0.94,415.75,267.52,0.91
188,124.23,0,Izq,301.89,124.02,0.99,289.53,243.55,0.99
188,124.23,2,Izq,143.52,63.80,0.97,119.32,257.14,0.97
188,124.23,3,Der,401.54,160.26,0.98,414.32,270.43,0.93
189,156.48,1,Izq,301.66,125.01,0.99,288.27,246.75,0.98
189,156.48,2,Izq,138.89,69.41,0.97,113.38,267.67,0.97
189,156.48,3,Der,402.96,158.94,0.99,413.70,268.25,0.93
190,138.56,0,Izq,135.38,63.32,0.94,105.41,267.79,0.98
190,138.56,1,Izq,301.38,125.95,0.99,287.10,248.77,0.98
190,138.56,3,Der,401.73,159.56,0.99,408.24,279.70,0.92
191,140.80,0,Izq,128.56,60.13,0.92,95.48,269.99,0.97
191,140.80,1,Izq,301.65,126.49,0.99,286.04,252.67,0.98
191,140.80,2,Der,402.94,160.66,0.99,407.59,294.46,0.90
192,139.46,0,Izq,123.73,55.37,0.96,82.09,266.74,0.95
192,139.46,1,Izq,302.18,127.01,0.99,285.87,256.51,0.98
192,139.46,2,Der,402.10,161.54,0.99,408.54,303.32,0.87
193,158.60,0,Izq,303.16,125.08,0.99,285.15,259.11,0.98
193,158.60,1,Izq,119.96,43.67,0.94,71.18,274.32,0.94
193,158.60,2,Der,402.83,159.55,0.99,411.68,307.11,0.89
194,136.03,0,Izq,303.32,122.09,0.99,284.28,260.23,0.98
194,136.03,1,Izq,114.77,40.65,0.90,65.33,271.41,0.91
194,136.03,2,Der,404.94,158.03,0.99,414.22,298.55,0.93
195,137.29,0,Izq,303.38,119.26,0.99,284.08,261.55,0.98
195,137.29,1,Izq,103.96,31.82,0.85,60.51,279.90,0.90
195,137.29,2,Der,406.51,156.93,0.99,417.65,304.21,0.92
196,153.89,0,Izq,98.29,25.33,0.80,47.59,289.69,0.81
196,153.89,1,Izq,302.32,115.72,0.99,283.04,263.95,0.98
196,153.89,2,Der,408.91,156.38,0.99,425.50,308.80,0.88
197,137.89,0,Izq,301.47,113.27,0.99,283.42,267.61,0.98
197,137.89,2,Der,410.30,156.92,0.99,422.88,306.39,0.93
198,138.62,0,Izq,300.59,112.74,0.99,282.42,269.41,0.98
198,138.62,1,Der,414.64,159.43,1.00,427.78,316.28,0.95
199,137.47,0,Izq,300.30,109.32,0.99,279.92,269.02,0.98
199,137.47,1,Der,418.05,161.66,1.00,430.00,326.70,0.93
200,215.77,0,Izq,298.54,108.04,0.99,276.02,268.49,0.98
200,215.77,1,Der,421.75,162.62,0.99,432.22,331.74,0.90
201,131.94,0,Izq,295.57,105.99,0.99,274.37,269.26,0.98
201,131.94,1,Der,426.62,165.22,1.00,438.98,343.10,0.89
202,128.80,0,Der,190.91,108.42,0.99,205.81,272.81,0.97
202,128.80,1,Der,436.92,165.89,1.00,445.59,344.62,0.91
203,127.67,0,Izq,287.25,104.82,0.99,269.42,279.57,0.97
203,127.67,1,Der,441.54,164.60,0.99,451.30,361.73,0.80
204,146.55,0,Der,447.28,160.46,1.00,458.58,365.26,0.78
204,146.55,1,Der,174.88,110.66,0.99,195.28,285.83,0.97
205,166.93,1,Izq,273.50,106.11,0.99,258.28,286.32,0.96
206,121.95,1,Izq,265.00,109.55,0.99,250.97,292.94,0.94
207,117.95,1,Izq,256.54,103.44,0.99,247.39,299.31,0.96
208,136.81,0,Izq,250.04,100.09,0.99,237.58,301.04,0.96
209,153.12,0,Izq,243.28,96.25,0.99,228.80,303.45,0.96
210,123.19,1,Der,116.33,102.26,0.99,144.04,310.56,0.94
211,132.22,1,Der,108.85,101.45,0.97,136.63,311.40,0.94
212,116.75,1,Izq,227.52,83.08,0.96,208.95,303.37,0.92
213,161.98,0,Der,94.44,89.40,0.94,121.85,304.34,0.95
214,117.56,0,Izq,215.39,75.08,0.91,194.74,306.05,0.93
215,130.70,0,Izq,207.70,72.25,0.88,185.78,311.85,0.92
216,138.56,0,Izq,199.32,69.48,0.84,178.57,318.39,0.91
217,133.86,0,Izq,190.18,67.89,0.85,165.45,325.26,0.91
218,137.80,0,Izq,177.37,62.59,0.79,159.13,341.91,0.88
219,105.57,0,Izq,165.08,60.83,0.89,144.10,343.91,0.89
220,107.52,0,Izq,150.10,56.20,0.88,127.68,345.50,0.79
